"DATA,tick_ms,scene,lux,pv_ok,pv_v,pv_i,pv_p,home_ok,home_v,home_i,home_p,home_soc,load_ok,load_v,load_i,load_p,car_soc,s3_valid,s3_v,s3_soc,s3_hr,s3_spo2,s3_state,pvsrc,hsrc,rigid,led,fan,qi,hchg,cchg,v2h"
"DATA,10038,0,2345.8,1,10.912,0.000,0.000,1,7.658,0.011,0.088,71.0,1,4.818,0.184,0.885,67,1,3.793,37.6,0,0,0,0,1,1,0,0,0,0,0,0"
"DATA,20043,0,2345.0,1,10.647,0.144,1.536,1,7.682,0.011,0.088,71.0,1,4.945,0.195,0.966,67,1,3.793,37.6,0,0,0,1,0,1,0,0,0,0,0,0"
"DATA,30087,0,2346.7,1,9.220,0.676,5.822,1,7.834,0.011,0.090,71.0,1,4.947,0.196,0.971,68,1,3.791,37.6,0,0,0,1,0,1,0,0,0,1,0,0"
"DATA,40133,0,2377.5,1,8.396,0.983,8.273,1,7.843,0.011,0.090,71.0,1,4.935,0.196,0.966,68,1,3.790,37.6,0,0,0,1,0,1,0,0,0,1,0,0"
"DATA,50139,0,2374.2,1,8.402,0.985,8.292,1,7.847,0.011,0.090,71.0,1,4.935,0.196,0.966,68,1,3.790,37.6,0,0,0,1,0,1,0,0,0,1,0,0"
"DATA,60191,0,2374.2,1,8.406,0.986,8.302,1,7.852,0.011,0.090,71.0,1,4.934,0.196,0.966,68,1,3.790,37.6,0,0,0,1,0,1,0,0,0,1,0,0"
"DATA,70218,0,2375.0,1,8.407,0.986,8.304,1,7.853,0.011,0.090,71.0,1,4.934,0.196,0.966,68,1,3.790,37.6,0,0,0,1,0,1,0,0,0,1,0,0"
"DATA,80220,0,2375.8,1,8.409,0.986,8.310,1,7.852,0.011,0.090,71.0,1,4.933,0.197,0.966,68,1,3.789,37.6,0,0,0,1,0,1,0,0,0,1,0,0"
"DATA,90234,0,2375.8,1,8.413,0.987,8.320,1,7.858,0.011,0.090,71.0,1,4.933,0.197,0.966,68,1,3.787,37.6,0,0,0,1,0,1,0,0,0,1,0,0"
"DATA,100274,0,2375.0,1,8.415,0.988,8.326,1,7.858,0.011,0.090,71.0,1,4.934,0.197,0.966,68,1,3.787,37.6,0,0,0,1,0,1,0,0,0,1,0,0"
"DATA,110285,0,2375.8,1,8.414,0.987,8.322,1,7.862,0.011,0.090,71.0,1,4.933,0.197,0.969,68,1,3.787,37.6,0,0,0,1,0,1,0,0,0,1,0,0"
"DATA,120318,0,2372.5,1,8.419,0.988,8.336,1,7.864,0.011,0.090,71.0,1,4.934,0.197,0.973,68,1,3.787,37.6,0,0,0,1,0,1,0,0,0,1,0,0"
"DATA,130327,0,2373.3,1,8.423,0.990,8.355,1,7.865,0.011,0.090,71.0,1,4.934,0.197,0.979,68,1,3.787,37.6,0,0,0,1,0,1,0,0,0,1,0,0"
"DATA,140349,0,2371.7,1,8.426,0.991,8.365,1,7.867,0.011,0.090,71.0,1,4.934,0.197,0.979,68,1,3.787,37.6,0,0,0,1,0,1,0,0,0,1,0,0"
"DATA,150360,0,2376.7,1,8.421,0.989,8.348,1,7.866,0.011,0.090,71.0,1,4.934,0.197,0.979,68,1,3.786,37.6,0,0,0,1,0,1,0,0,0,1,0,0"
"DATA,160360,0,2374.2,1,8.421,0.988,8.338,1,7.868,0.011,0.090,71.0,1,4.933,0.197,0.979,68,1,3.786,37.6,0,0,0,1,0,1,0,0,0,1,0,0"
"DATA,170361,0,2371.7,1,8.424,0.990,8.355,1,7.869,0.011,0.090,71.0,1,4.933,0.197,0.979,68,1,3.785,37.6,0,0,0,1,0,1,0,0,0,1,0,0"
"DATA,180393,0,2340.0,1,8.425,0.990,8.355,1,7.870,0.011,0.090,71.0,1,4.934,0.197,0.979,68,1,3.785,37.6,0,0,0,1,0,1,0,0,0,1,0,0"
"DATA,190442,0,2368.3,1,8.424,0.990,8.357,1,7.871,0.011,0.090,71.0,1,4.934,0.198,0.979,68,1,3.785,37.6,0,0,0,1,0,1,0,0,0,1,0,0"
"DATA,200448,0,2367.5,1,8.422,0.990,8.357,1,7.869,0.011,0.090,71.0,1,4.931,0.198,0.979,68,1,3.785,37.6,0,0,0,1,0,1,0,0,0,1,0,0"
"DATA,210450,0,2370.8,1,8.422,0.990,8.348,1,7.871,0.011,0.090,71.0,1,4.932,0.198,0.979,68,1,3.784,37.6,0,0,0,1,0,1,0,0,0,1,0,0"
"DATA,220460,0,2369.2,1,8.422,0.990,8.346,1,7.871,0.011,0.090,71.0,1,4.933,0.198,0.979,68,1,3.784,37.6,0,0,0,1,0,1,0,0,0,1,0,0"
"DATA,230501,0,2345.0,1,8.419,0.988,8.334,1,7.871,0.011,0.090,71.0,1,4.932,0.198,0.979,68,1,3.783,37.6,0,0,0,1,0,1,0,0,0,1,0,0"
"DATA,240524,0,2365.8,1,8.420,0.988,8.332,1,7.872,0.011,0.090,71.0,1,4.933,0.198,0.979,68,1,3.783,37.6,0,0,0,1,0,1,0,0,0,1,0,0"
"DATA,250551,0,2345.8,1,8.419,0.988,8.332,1,7.872,0.011,0.090,71.0,1,4.932,0.198,0.979,68,1,3.784,37.6,0,0,0,1,0,1,0,0,0,1,0,0"
"DATA,260586,0,2345.8,1,8.420,0.988,8.328,1,7.873,0.011,0.090,71.0,1,4.933,0.198,0.979,68,1,3.784,37.6,0,0,0,1,0,1,0,0,0,1,0,0"
"DATA,270634,0,2349.2,1,8.421,0.988,8.334,1,7.874,0.011,0.090,71.0,1,4.934,0.198,0.979,68,1,3.783,37.6,0,0,0,1,0,1,0,0,0,1,0,0"
"DATA,280641,0,2347.5,1,8.424,0.988,8.340,1,7.875,0.011,0.090,71.0,1,4.933,0.198,0.979,68,1,3.783,37.6,0,0,0,1,0,1,0,0,0,1,0,0"
"DATA,290690,0,2369.2,1,8.420,0.988,8.332,1,7.873,0.011,0.090,71.0,1,4.931,0.198,0.979,68,1,3.783,37.6,0,0,0,1,0,1,0,0,0,1,0,0"
"DATA,300723,0,2370.0,1,8.423,0.988,8.338,1,7.874,0.011,0.090,71.0,1,4.932,0.198,0.979,68,1,3.783,37.6,0,0,0,1,0,1,0,0,0,1,0,0"
"DATA,310742,0,2370.8,1,8.425,0.989,8.340,1,7.876,0.011,0.090,71.0,1,4.933,0.198,0.979,68,1,3.783,37.6,0,0,0,1,0,1,0,0,0,1,0,0"
"DATA,320747,0,2368.3,1,8.427,0.990,8.357,1,7.877,0.011,0.090,71.0,1,4.933,0.198,0.979,68,1,3.783,37.6,0,0,0,1,0,1,0,0,0,1,0,0"
"DATA,330758,0,2367.5,1,8.426,0.989,8.348,1,7.877,0.011,0.090,71.0,1,4.933,0.198,0.979,68,1,3.781,37.6,0,0,0,1,0,1,0,0,0,1,0,0"
"DATA,340798,0,2368.3,1,8.424,0.989,8.340,1,7.878,0.011,0.090,71.0,1,4.933,0.198,0.979,68,1,3.780,37.6,0,0,0,1,0,1,0,0,0,1,0,0"
"DATA,350818,0,2370.0,1,8.426,0.988,8.346,1,7.879,0.011,0.090,71.0,1,4.933,0.198,0.979,68,1,3.780,37.6,0,0,0,1,0,1,0,0,0,1,0,0"
"DATA,360847,0,2368.3,1,8.425,0.988,8.342,1,7.879,0.011,0.090,71.0,1,4.933,0.198,0.979,68,1,3.780,37.6,0,0,0,1,0,1,0,0,0,1,0,0"
"DATA,370858,0,2368.3,1,8.423,0.988,8.336,1,7.878,0.011,0.090,70.9,1,4.932,0.198,0.979,68,1,3.780,37.6,0,0,0,1,0,1,0,0,0,1,0,0"
"DATA,380858,0,2368.3,1,8.422,0.987,8.330,1,7.878,0.011,0.090,70.9,1,4.932,0.198,0.979,68,1,3.780,37.6,0,0,0,1,0,1,0,0,0,1,0,0"
"DATA,390880,0,2368.3,1,8.425,0.988,8.346,1,7.878,0.011,0.090,70.9,1,4.932,0.198,0.979,68,1,3.780,37.6,0,0,0,1,0,1,0,0,0,1,0,0"
"DATA,400921,0,2367.5,1,8.427,0.989,8.344,1,7.881,0.011,0.090,70.9,1,4.933,0.198,0.979,68,1,3.780,37.6,0,0,0,1,0,1,0,0,0,1,0,0"
"DATA,410925,0,2367.5,1,8.430,0.990,8.359,1,7.881,0.011,0.090,70.9,1,4.933,0.198,0.979,68,1,3.779,37.6,0,0,0,1,0,1,0,0,0,1,0,0"
"DATA,420925,0,2370.0,1,8.427,0.988,8.334,1,7.881,0.011,0.090,70.9,1,4.933,0.198,0.979,68,1,3.779,37.6,0,0,0,1,0,1,0,0,0,1,0,0"
"DATA,430925,0,2368.3,1,8.427,0.987,8.330,1,7.882,0.011,0.090,70.9,1,4.933,0.198,0.979,68,1,3.777,37.6,0,0,0,1,0,1,0,0,0,1,0,0"
"DATA,440961,0,2368.3,1,8.430,0.989,8.352,1,7.882,0.011,0.090,70.9,1,4.933,0.198,0.979,68,1,3.779,37.6,0,0,0,1,0,1,0,0,0,1,0,0"
"DATA,450978,0,2365.8,1,8.430,0.988,8.352,1,7.884,0.011,0.090,70.9,1,4.932,0.198,0.979,68,1,3.779,37.6,0,0,0,1,0,1,0,0,0,1,0,0"
"DATA,460984,0,2354.2,1,8.429,0.988,8.342,1,7.884,0.011,0.090,70.9,1,4.932,0.198,0.979,68,1,3.779,37.2,0,0,0,1,0,1,0,0,0,1,0,0"
"DATA,471032,0,2331.7,1,8.398,0.989,8.318,1,7.851,0.011,0.090,70.9,1,4.918,0.256,1.256,68,1,3.777,37.2,0,0,0,1,0,1,0,1,0,1,0,0"
"DATA,481065,0,2331.7,1,8.381,0.989,8.304,1,7.852,0.011,0.090,70.9,1,4.911,0.284,1.396,68,1,3.777,37.2,0,0,0,1,0,1,0,1,0,1,0,0"
"DATA,491088,0,2362.5,1,8.382,0.989,8.302,1,7.852,0.011,0.090,70.9,1,4.911,0.281,1.380,68,1,3.777,37.2,0,0,0,1,0,1,0,1,0,1,0,0"
"DATA,501109,0,2360.8,1,8.381,0.989,8.306,1,7.853,0.011,0.090,70.9,1,4.910,0.278,1.366,68,1,3.777,37.2,0,0,0,1,0,1,0,1,0,1,0,0"
"DATA,511115,0,2361.7,1,8.383,0.990,8.310,1,7.852,0.011,0.090,70.9,1,4.911,0.277,1.359,68,1,3.777,37.2,0,0,0,1,0,1,0,1,0,1,0,0"
"DATA,521147,0,2360.8,1,8.383,0.989,8.300,1,7.853,0.011,0.090,70.9,1,4.911,0.276,1.355,68,1,3.777,37.2,0,0,0,1,0,1,0,1,0,1,0,0"
"DATA,531184,0,2361.7,1,8.381,0.987,8.290,1,7.853,0.011,0.090,70.9,1,4.911,0.275,1.351,68,1,3.776,37.2,0,0,0,1,0,1,0,1,0,1,0,0"
"DATA,541199,0,2343.3,1,8.384,0.988,8.300,1,7.855,0.011,0.090,70.9,1,4.912,0.274,1.349,68,1,3.776,37.2,0,0,0,1,0,1,0,1,0,1,0,0"
"DATA,551219,0,2364.2,1,8.383,0.988,8.298,1,7.855,0.011,0.090,70.9,1,4.912,0.274,1.344,68,1,3.775,37.2,0,0,0,1,0,1,0,1,0,1,0,0"
"DATA,561233,0,2365.8,1,8.385,0.989,8.310,1,7.857,0.011,0.090,70.9,1,4.910,0.273,1.343,68,1,3.775,37.2,0,0,0,1,0,1,0,1,0,1,0,0"
"DATA,571235,0,2369.2,1,8.386,0.990,8.320,1,7.856,0.011,0.090,70.9,1,4.911,0.273,1.343,68,1,3.775,37.2,0,0,0,1,0,1,0,1,0,1,0,0"
"DATA,581251,0,2367.5,1,8.386,0.989,8.306,1,7.857,0.011,0.090,70.9,1,4.912,0.273,1.343,68,1,3.775,37.2,0,0,0,1,0,1,0,1,0,1,0,0"
"DATA,591276,0,2365.8,1,8.386,0.988,8.300,1,7.857,0.011,0.090,70.9,1,4.912,0.273,1.343,68,1,3.775,37.2,0,0,0,1,0,1,0,1,0,1,0,0"
"DATA,601286,0,2365.8,1,8.385,0.988,8.304,1,7.857,0.011,0.090,70.9,1,4.911,0.273,1.343,68,1,3.775,37.2,0,0,0,1,0,1,0,1,0,1,0,0"
"DATA,611309,0,2366.7,1,8.384,0.987,8.292,1,7.857,0.011,0.090,70.9,1,4.912,0.273,1.343,68,1,3.775,37.2,0,0,0,1,0,1,0,1,0,1,0,0"
"DATA,621327,0,2366.7,1,8.386,0.988,8.298,1,7.858,0.011,0.090,70.9,1,4.912,0.273,1.342,68,1,3.775,37.2,0,0,0,1,0,1,0,1,0,1,0,0"
"DATA,631358,0,2366.7,1,8.386,0.987,8.294,1,7.858,0.011,0.090,70.9,1,4.912,0.273,1.340,68,1,3.775,37.2,0,0,0,1,0,1,0,1,0,1,0,0"
"DATA,641382,0,2366.7,1,8.386,0.987,8.296,1,7.860,0.011,0.090,70.9,1,4.912,0.273,1.340,68,1,3.775,37.2,0,0,0,1,0,1,0,1,0,1,0,0"
"DATA,651430,0,2366.7,1,8.388,0.989,8.306,1,7.861,0.011,0.090,70.9,1,4.912,0.273,1.339,68,1,3.774,37.2,0,0,0,1,0,1,0,1,0,1,0,0"
"DATA,661462,0,2366.7,1,8.385,0.987,8.292,1,7.860,0.011,0.090,70.9,1,4.912,0.273,1.341,68,1,3.774,37.2,0,0,0,1,0,1,0,1,0,1,0,0"
"DATA,671474,0,2365.8,1,8.388,0.988,8.304,1,7.861,0.011,0.090,70.9,1,4.912,0.273,1.341,68,1,3.774,37.2,0,0,0,1,0,1,0,1,0,1,0,0"
"DATA,681493,0,2365.8,1,8.389,0.988,8.302,1,7.862,0.011,0.090,70.9,1,4.912,0.272,1.340,68,1,3.774,37.2,0,0,0,1,0,1,0,1,0,1,0,0"
"DATA,691525,0,2369.2,1,8.388,0.988,8.298,1,7.862,0.011,0.090,70.9,1,4.912,0.273,1.340,68,1,3.772,37.2,0,0,0,1,0,1,0,1,0,1,0,0"
"DATA,701564,0,2370.8,1,8.386,0.987,8.292,1,7.863,0.011,0.090,70.9,1,4.912,0.273,1.338,68,1,3.772,37.2,0,0,0,1,0,1,0,1,0,1,0,0"
"DATA,711609,0,2365.0,1,8.393,0.989,8.318,1,7.865,0.011,0.090,70.9,1,4.912,0.273,1.340,68,1,3.772,36.9,0,0,0,1,0,1,0,1,0,1,0,0"
"DATA,721633,0,2365.8,1,8.394,0.990,8.324,1,7.865,0.011,0.090,70.9,1,4.912,0.273,1.341,68,1,3.772,36.9,0,0,0,1,0,1,0,1,0,1,0,0"
"DATA,731652,0,2342.5,1,8.395,0.989,8.316,1,7.866,0.011,0.090,70.9,1,4.912,0.273,1.342,68,1,3.772,36.9,0,0,0,1,0,1,0,1,0,1,0,0"
"DATA,741688,0,2363.3,1,8.395,0.989,8.318,1,7.865,0.011,0.090,70.9,1,4.911,0.273,1.339,68,1,3.772,36.9,0,0,0,1,0,1,0,1,0,1,0,0"
"DATA,751723,0,2364.2,1,8.394,0.990,8.322,1,7.865,0.011,0.090,70.9,1,4.912,0.273,1.340,68,1,3.772,36.9,0,0,0,1,0,1,0,1,0,1,0,0"
"DATA,761742,0,2365.0,1,8.396,0.990,8.324,1,7.866,0.011,0.090,70.9,1,4.911,0.273,1.339,68,1,3.771,36.9,0,0,0,1,0,1,0,1,0,1,0,0"
"DATA,771750,0,2365.0,1,8.398,0.990,8.334,1,7.868,0.011,0.090,70.9,1,4.912,0.273,1.340,68,1,3.771,36.9,0,0,0,1,0,1,0,1,0,1,0,0"
"DATA,781810,0,2365.0,1,8.396,0.991,8.328,1,7.867,0.011,0.090,70.9,1,4.912,0.273,1.341,68,1,3.771,36.9,0,0,0,1,0,1,0,1,0,1,0,0"
"DATA,791810,0,2369.2,1,8.401,0.993,8.350,1,7.870,0.011,0.090,70.9,1,4.911,0.273,1.340,68,1,3.771,36.9,0,0,0,1,0,1,0,1,0,1,0,0"
"DATA,801832,0,2365.8,1,8.394,0.989,8.316,1,7.866,0.011,0.090,70.9,1,4.911,0.273,1.338,68,1,3.771,36.9,0,0,0,1,0,1,0,1,0,1,0,0"
"DATA,811855,0,2369.2,1,8.398,0.990,8.330,1,7.870,0.011,0.090,70.9,1,4.912,0.273,1.340,68,1,3.771,36.9,0,0,0,1,0,1,0,1,0,1,0,0"
"DATA,821871,0,2364.2,1,8.398,0.990,8.328,1,7.870,0.011,0.090,70.9,1,4.912,0.273,1.340,68,1,3.770,36.9,0,0,0,1,0,1,0,1,0,1,0,0"
"DATA,831898,0,2365.0,1,8.400,0.990,8.332,1,7.871,0.011,0.090,70.9,1,4.912,0.273,1.343,68,1,3.770,36.9,0,0,0,1,0,1,0,1,0,1,0,0"
"DATA,841943,0,2364.2,1,8.397,0.987,8.304,1,7.870,0.011,0.090,70.9,1,4.912,0.273,1.343,68,1,3.770,36.9,0,0,0,1,0,1,0,1,0,1,0,0"
"DATA,851984,0,2364.2,1,8.399,0.989,8.316,1,7.872,0.011,0.090,70.9,1,4.912,0.273,1.342,68,1,3.770,36.9,0,0,0,1,0,1,0,1,0,1,0,0"
"DATA,862028,0,2367.5,1,8.401,0.990,8.336,1,7.871,0.011,0.090,70.9,1,4.911,0.273,1.342,68,1,3.770,36.9,0,0,0,1,0,1,0,1,0,1,0,0"
"DATA,872042,0,2364.2,1,8.400,0.989,8.324,1,7.872,0.011,0.090,70.9,1,4.912,0.273,1.343,68,1,3.770,36.9,0,0,0,1,0,1,0,1,0,1,0,0"
"DATA,882076,0,2365.8,1,8.400,0.988,8.316,1,7.873,0.011,0.090,70.9,1,4.912,0.273,1.343,68,1,3.769,36.9,0,0,0,1,0,1,0,1,0,1,0,0"
"DATA,892112,0,2363.3,1,8.401,0.989,8.322,1,7.873,0.011,0.090,70.9,1,4.912,0.273,1.342,68,1,3.769,36.9,0,0,0,1,0,1,0,1,0,1,0,0"
"DATA,902130,0,2363.3,1,8.398,0.989,8.318,1,7.874,0.011,0.090,70.9,1,4.911,0.273,1.338,68,1,3.769,36.9,0,0,0,1,0,1,0,1,0,1,0,0"
"DATA,912148,0,2363.3,1,8.399,0.988,8.316,1,7.874,0.011,0.090,70.9,1,4.911,0.273,1.341,68,1,3.767,36.9,0,0,0,1,0,1,0,1,0,1,0,0"
"DATA,922168,0,2369.2,1,8.398,0.987,8.302,1,7.874,0.011,0.090,70.9,1,4.911,0.273,1.341,68,1,3.767,36.9,0,0,0,1,0,1,0,1,0,1,0,0"
"DATA,932182,0,2364.2,1,8.400,0.988,8.312,1,7.875,0.011,0.090,70.9,1,4.912,0.273,1.341,68,1,3.767,36.5,0,0,0,1,0,1,0,1,0,1,0,0"

"DATA,942207,0,2363.3,1,8.405,0.990,8.340,1,7.877,0.011,0.090,70.9,1,4.911,0.273,1.343,68,1,3.767,36.5,0,0,0,1,0,1,0,1,0,1,0,0"
"DATA,952234,0,2363.3,1,8.400,0.987,8.308,1,7.875,0.011,0.090,70.9,1,4.911,0.273,1.342,68,1,3.767,36.5,0,0,0,1,0,1,0,1,0,1,0,0"
"DATA,962282,0,2364.2,1,8.403,0.988,8.318,1,7.877,0.011,0.090,70.9,1,4.912,0.273,1.341,68,1,3.767,36.5,0,0,0,1,0,1,0,1,0,1,0,0"
"DATA,972311,0,2363.3,1,8.404,0.989,8.322,1,7.877,0.011,0.090,70.9,1,4.912,0.273,1.342,68,1,3.767,36.5,0,0,0,1,0,1,0,1,0,1,0,0"
"DATA,982330,0,2363.3,1,8.407,0.989,8.332,1,7.878,0.011,0.090,70.9,1,4.912,0.273,1.340,68,1,3.767,36.5,0,0,0,1,0,1,0,1,0,1,0,0"
"DATA,992352,0,2366.7,1,8.405,0.989,8.328,1,7.878,0.011,0.090,70.9,1,4.911,0.273,1.341,68,1,3.767,36.5,0,0,0,1,0,1,0,1,0,1,0,0"
"DATA,1002353,0,2363.3,1,8.408,0.989,8.330,1,7.880,0.011,0.090,70.9,1,4.912,0.273,1.342,68,1,3.766,36.5,0,0,0,1,0,1,0,1,0,1,0,0"
"DATA,1012364,0,2363.3,1,8.406,0.989,8.326,1,7.880,0.011,0.090,70.9,1,4.912,0.273,1.343,68,1,3.766,36.5,0,0,0,1,0,1,0,1,0,1,0,0"
"DATA,1022382,0,2362.5,1,8.404,0.987,8.312,1,7.882,0.011,0.090,70.9,1,4.912,0.273,1.343,68,1,3.766,36.5,0,0,0,1,0,1,0,1,0,1,0,0"
"DATA,1032401,0,2363.3,1,8.408,0.989,8.330,1,7.882,0.011,0.090,70.9,1,4.911,0.273,1.343,68,1,3.766,36.5,0,0,0,1,0,1,0,1,0,1,0,0"
"DATA,1042417,0,2362.5,1,8.406,0.988,8.316,1,7.882,0.011,0.090,70.9,1,4.911,0.273,1.343,68,1,3.766,36.5,0,0,0,1,0,1,0,1,0,1,0,0"
"DATA,1052437,0,2361.7,1,8.408,0.988,8.324,1,7.883,0.011,0.091,70.9,1,4.912,0.273,1.342,68,1,3.766,36.5,0,0,0,1,0,1,0,1,0,1,0,0"
"DATA,1062443,0,2361.7,1,8.408,0.988,8.320,1,7.883,0.011,0.090,70.9,1,4.912,0.273,1.343,68,1,3.765,36.5,0,0,0,1,0,1,0,1,0,1,0,0"
"DATA,1072449,0,2365.8,1,8.406,0.987,8.316,1,7.883,0.011,0.091,70.9,1,4.912,0.273,1.342,68,1,3.765,36.5,0,0,0,1,0,1,0,1,0,1,0,0"

"DATA,1082478,0,2360.8,1,8.409,0.988,8.324,1,7.885,0.011,0.091,70.9,1,4.912,0.273,1.342,68,1,3.765,36.5,0,0,0,1,0,1,0,1,0,1,0,0"

"DATA,1092521,0,2365.0,1,8.413,0.989,8.334,1,7.886,0.011,0.091,70.9,1,4.912,0.273,1.343,68,1,3.765,36.5,0,0,0,1,0,1,0,1,0,1,0,0"
"DATA,1102539,0,2364.2,1,8.411,0.988,8.322,1,7.886,0.011,0.091,70.8,1,4.912,0.273,1.343,68,1,3.765,36.5,0,0,0,1,0,1,0,1,0,1,0,0"

"DATA,1112597,0,2363.3,1,8.410,0.988,8.318,1,7.887,0.011,0.091,70.8,1,4.912,0.273,1.343,68,1,3.765,36.1,0,0,0,1,0,1,0,1,0,1,0,0"
"DATA,1122617,0,2360.8,1,8.412,0.989,8.334,1,7.888,0.011,0.091,70.8,1,4.912,0.273,1.342,68,1,3.764,36.1,0,0,0,1,0,1,0,1,0,1,0,0"
"DATA,1132643,0,2360.0,1,8.411,0.989,8.334,1,7.888,0.011,0.091,70.8,1,4.912,0.273,1.342,68,1,3.764,36.1,0,0,0,1,0,1,0,1,0,1,0,0"
"DATA,1142643,0,2343.3,1,8.413,0.989,8.332,1,7.888,0.011,0.091,70.8,1,4.912,0.273,1.343,68,1,3.762,36.1,0,0,0,1,0,1,0,1,0,1,0,0"
"DATA,1152677,0,2330.0,1,8.415,0.989,8.332,1,7.890,0.011,0.091,70.8,1,4.912,0.273,1.343,68,1,3.762,36.1,0,0,0,1,0,1,0,1,0,1,0,0"
"DATA,1162718,0,2358.3,1,8.415,0.989,8.332,1,7.890,0.011,0.091,70.8,1,4.911,0.273,1.343,68,1,3.764,36.1,0,0,0,1,0,1,0,1,0,1,0,0"
"DATA,1172751,0,2358.3,1,8.414,0.988,8.324,1,7.891,0.011,0.091,70.8,1,4.912,0.273,1.342,68,1,3.764,36.1,0,0,0,1,0,1,0,1,0,1,0,0"
"DATA,1182762,0,2359.2,1,8.414,0.988,8.324,1,7.891,0.011,0.091,70.8,1,4.911,0.273,1.342,68,1,3.762,36.1,0,0,0,1,0,1,0,1,0,1,0,0"
"DATA,1192806,0,2358.3,1,8.413,0.987,8.316,1,7.892,0.011,0.091,70.8,1,4.912,0.273,1.343,68,1,3.762,36.1,0,0,0,1,0,1,0,1,0,1,0,0"
"DATA,1202855,0,2359.2,1,8.418,0.990,8.348,1,7.893,0.011,0.091,70.8,1,4.911,0.273,1.343,68,1,3.762,36.1,0,0,0,1,0,1,0,1,0,1,0,0"
"DATA,1212861,0,2332.5,1,8.415,0.987,8.318,1,7.892,0.011,0.091,70.8,1,4.912,0.273,1.343,68,1,3.762,36.1,0,0,0,1,0,1,0,1,0,1,0,0"
"DATA,1222904,0,2358.3,1,8.416,0.988,8.324,1,7.893,0.011,0.091,70.8,1,4.912,0.273,1.342,68,1,3.762,36.1,0,0,0,1,0,1,0,1,0,1,0,0"
"DATA,1232952,0,2340.0,1,8.416,0.986,8.310,1,7.893,0.011,0.091,70.8,1,4.912,0.273,1.343,68,1,3.762,36.1,0,0,0,1,0,1,0,1,0,1,0,0"
"DATA,1242996,0,2355.0,1,8.415,0.986,8.316,1,7.892,0.011,0.091,70.8,1,4.911,0.273,1.343,68,1,3.762,36.1,0,0,0,1,0,1,0,1,0,1,0,0"
"DATA,1253003,0,2336.7,1,8.417,0.987,8.320,1,7.894,0.011,0.091,70.8,1,4.911,0.273,1.342,68,1,3.761,36.1,0,0,0,1,0,1,0,1,0,1,0,0"
"DATA,1263042,0,2357.5,1,8.419,0.988,8.330,1,7.893,0.011,0.091,70.8,1,4.911,0.273,1.342,68,1,3.761,36.1,0,0,0,1,0,1,0,1,0,1,0,0"
"DATA,1273050,0,2357.5,1,8.419,0.987,8.320,1,7.895,0.011,0.091,70.8,1,4.912,0.273,1.343,68,1,3.761,36.1,0,0,0,1,0,1,0,1,0,1,0,0"
"DATA,1283095,0,2357.5,1,8.416,0.985,8.302,1,7.895,0.011,0.091,70.8,1,4.911,0.273,1.343,68,1,3.761,35.8,0,0,0,1,0,1,0,1,0,1,0,0"
"DATA,1293104,0,2359.2,1,8.419,0.987,8.322,1,7.897,0.011,0.091,70.8,1,4.911,0.273,1.343,68,1,3.760,35.8,0,0,0,1,0,1,0,1,0,1,0,0"
"DATA,1303120,0,2359.2,1,8.422,0.988,8.330,1,7.899,0.011,0.091,70.8,1,4.912,0.273,1.343,68,1,3.760,35.8,0,0,0,1,0,1,0,1,0,1,0,0"
"DATA,1313124,0,2359.2,1,8.419,0.986,8.314,1,7.899,0.011,0.091,70.8,1,4.911,0.273,1.342,67,1,3.760,35.8,0,0,0,1,0,1,0,1,0,1,0,0"
"DATA,1323133,0,2358.3,1,8.417,0.985,8.304,1,7.898,0.011,0.091,70.8,1,4.911,0.273,1.343,68,1,3.760,35.8,0,0,0,1,0,1,0,1,0,1,0,0"
"DATA,1333141,0,2359.2,1,8.422,0.987,8.330,1,7.901,0.011,0.091,70.8,1,4.912,0.273,1.343,67,1,3.760,35.8,0,0,0,1,0,1,0,1,0,1,0,0"
"DATA,1343144,0,2363.3,1,8.424,0.987,8.328,1,7.901,0.011,0.091,70.8,1,4.912,0.273,1.343,68,1,3.760,35.8,0,0,0,1,0,1,0,1,0,1,0,0"
"DATA,1353190,0,2363.3,1,8.422,0.986,8.318,1,7.902,0.011,0.091,70.8,1,4.912,0.273,1.343,68,1,3.759,35.8,0,0,0,1,0,1,0,1,0,1,0,0"
"DATA,1363229,0,2363.3,1,8.425,0.987,8.330,1,7.903,0.011,0.091,70.8,1,4.912,0.273,1.343,68,1,3.760,35.8,0,0,0,1,0,1,0,1,0,1,0,0"
"DATA,1373234,0,2359.2,1,8.421,0.985,8.310,1,7.903,0.011,0.091,70.8,1,4.911,0.273,1.343,67,1,3.759,35.8,0,0,0,1,0,1,0,1,0,1,0,0"
"DATA,1383243,0,2359.2,1,8.423,0.985,8.312,1,7.904,0.011,0.091,70.8,1,4.912,0.273,1.343,67,1,3.757,35.8,0,0,0,1,0,1,0,1,0,1,0,0"
"DATA,1393291,0,2337.5,1,8.427,0.987,8.334,1,7.905,0.011,0.091,70.8,1,4.912,0.273,1.343,68,1,3.757,35.8,0,0,0,1,0,1,0,1,0,1,0,0"
"DATA,1403323,0,2337.5,1,8.427,0.987,8.330,1,7.905,0.011,0.091,70.8,1,4.912,0.273,1.343,68,1,3.757,35.8,0,0,0,1,0,1,0,1,0,1,0,0"

"DATA,1413338,0,2335.0,1,8.425,0.986,8.318,1,7.905,0.011,0.091,70.8,1,4.911,0.273,1.343,68,1,3.757,35.8,0,0,0,1,0,1,0,1,0,1,0,0"

"DATA,1423343,0,2358.3,1,8.426,0.986,8.318,1,7.906,0.011,0.091,70.8,1,4.912,0.273,1.343,68,1,3.757,35.8,0,0,0,1,0,1,0,1,0,1,0,0"
"DATA,1433345,0,2358.3,1,8.423,0.985,8.306,1,7.904,0.011,0.091,70.8,1,4.910,0.273,1.341,67,1,3.757,35.8,0,0,0,1,0,1,0,1,0,1,0,0"
"DATA,1443370,0,2359.2,1,8.425,0.985,8.308,1,7.907,0.011,0.091,70.8,1,4.911,0.273,1.342,67,1,3.757,35.4,0,0,0,1,0,1,0,1,0,1,0,0"
"DATA,1453415,0,2361.7,1,8.426,0.985,8.318,1,7.907,0.011,0.091,70.8,1,4.911,0.273,1.343,67,1,3.756,35.4,0,0,0,1,0,1,0,1,0,1,0,0"
"DATA,1463423,0,2360.8,1,8.423,0.983,8.294,1,7.906,0.011,0.091,70.8,1,4.912,0.273,1.343,67,1,3.756,35.4,0,0,0,1,0,1,0,1,0,1,0,0"
"DATA,1473464,0,2358.3,1,8.425,0.985,8.310,1,7.908,0.011,0.091,70.8,1,4.911,0.273,1.342,68,1,3.756,35.4,0,0,0,1,0,1,0,1,0,1,0,0"
"DATA,1483479,0,2360.0,1,8.428,0.986,8.324,1,7.908,0.011,0.091,70.8,1,4.912,0.273,1.343,67,1,3.756,35.4,0,0,0,1,0,1,0,1,0,1,0,0"
"DATA,1493523,0,2358.3,1,8.427,0.984,8.310,1,7.909,0.011,0.091,70.8,1,4.912,0.273,1.343,67,1,3.755,35.4,0,0,0,1,0,1,0,1,0,1,0,0"
"DATA,1503528,0,2358.3,1,8.426,0.984,8.300,1,7.909,0.011,0.091,70.8,1,4.912,0.273,1.343,67,1,3.755,35.4,0,0,0,1,0,1,0,1,0,1,0,0"
"DATA,1513550,0,2358.3,1,8.429,0.984,8.304,1,7.910,0.011,0.091,70.8,1,4.912,0.273,1.343,67,1,3.755,35.4,0,0,0,1,0,1,0,1,0,1,0,0"
"DATA,1523578,0,2360.0,1,8.427,0.984,8.306,1,7.910,0.011,0.091,70.8,1,4.911,0.273,1.342,67,1,3.755,35.4,0,0,0,1,0,1,0,1,0,1,0,0"
"DATA,1533601,0,2360.0,1,8.427,0.984,8.302,1,7.912,0.011,0.091,70.8,1,4.910,0.273,1.343,67,1,3.755,35.4,0,0,0,1,0,1,0,1,0,1,0,0"

"DATA,1543648,0,2359.2,1,8.430,0.984,8.310,1,7.913,0.011,0.091,70.8,1,4.912,0.273,1.343,67,1,3.755,35.4,0,0,0,1,0,1,0,1,0,1,0,0"
"DATA,1553654,0,2357.5,1,8.430,0.983,8.302,1,7.912,0.011,0.091,70.8,1,4.912,0.273,1.343,67,1,3.755,35.4,0,0,0,1,0,1,0,1,0,1,0,0"
"DATA,1563700,0,2357.5,1,8.431,0.982,8.296,1,7.913,0.011,0.091,70.8,1,4.912,0.273,1.343,67,1,3.755,35.4,0,0,0,1,0,1,0,1,0,1,0,0"
"DATA,1573740,0,2357.5,1,8.433,0.983,8.302,1,7.916,0.011,0.091,70.8,1,4.912,0.273,1.343,67,1,3.755,35.4,0,0,0,1,0,1,0,1,0,1,0,0"
"DATA,1583783,0,2358.3,1,8.428,0.981,8.281,1,7.914,0.011,0.091,70.8,1,4.912,0.273,1.343,67,1,3.755,35.1,0,0,0,1,0,1,0,1,0,1,0,0"
"DATA,1593811,0,2357.5,1,8.431,0.982,8.290,1,7.916,0.011,0.091,70.8,1,4.912,0.273,1.343,67,1,3.754,35.1,0,0,0,1,0,1,0,1,0,1,0,0"
"DATA,1603847,0,2357.5,1,8.431,0.982,8.290,1,7.917,0.011,0.091,70.8,1,4.912,0.273,1.342,67,1,3.754,35.1,0,0,0,1,0,1,0,1,0,1,0,0"
"DATA,1613889,0,2361.7,1,8.432,0.981,8.285,1,7.916,0.011,0.091,70.8,1,4.912,0.273,1.343,67,1,3.754,35.1,0,0,0,1,0,1,0,1,0,1,0,0"
"DATA,1623935,0,2356.7,1,8.430,0.981,8.281,1,7.918,0.011,0.091,70.8,1,4.911,0.273,1.343,67,1,3.754,35.1,0,0,0,1,0,1,0,1,0,1,0,0"
"DATA,1633971,0,2358.3,1,8.433,0.983,8.302,1,7.920,0.011,0.091,70.8,1,4.912,0.273,1.343,67,1,3.752,35.1,0,0,0,1,0,1,0,1,0,1,0,0"
"DATA,1643971,0,2356.7,1,8.434,0.982,8.292,1,7.919,0.011,0.091,70.8,1,4.912,0.273,1.343,67,1,3.752,35.1,0,0,0,1,0,1,0,1,0,1,0,0"
"DATA,1653982,0,2358.3,1,8.433,0.981,8.287,1,7.921,0.011,0.091,70.8,1,4.912,0.273,1.343,67,1,3.752,35.1,0,0,0,1,0,1,0,1,0,1,0,0"
"DATA,1663997,0,2358.3,1,8.434,0.981,8.285,1,7.921,0.011,0.091,70.8,1,4.912,0.273,1.343,67,1,3.752,35.1,0,0,0,1,0,1,0,1,0,1,0,0"
"DATA,1674039,0,2355.8,1,8.434,0.981,8.285,1,7.921,0.011,0.091,70.8,1,4.912,0.273,1.343,67,1,3.752,35.1,0,0,0,1,0,1,0,1,0,1,0,0"
"DATA,1684047,0,2357.5,1,8.437,0.981,8.296,1,7.923,0.011,0.091,70.8,1,4.912,0.273,1.343,67,1,3.752,35.1,0,0,0,1,0,1,0,1,0,1,0,0"
"DATA,1694058,0,2355.8,1,8.438,0.981,8.296,1,7.923,0.011,0.091,70.8,1,4.913,0.273,1.343,67,1,3.751,35.1,0,0,0,1,0,1,0,1,0,1,0,0"
"DATA,1704088,0,2355.8,1,8.438,0.981,8.292,1,7.924,0.011,0.091,70.8,1,4.913,0.273,1.343,67,1,3.751,35.1,0,0,0,1,0,1,0,1,0,1,0,0"
"DATA,1714100,0,2355.8,1,8.436,0.981,8.287,1,7.925,0.011,0.091,70.8,1,4.912,0.273,1.343,67,1,3.751,35.1,0,0,0,1,0,1,0,1,0,1,0,0"
"DATA,1724119,0,2355.0,1,8.438,0.981,8.294,1,7.926,0.011,0.091,70.8,1,4.912,0.273,1.343,67,1,3.750,34.7,0,0,0,1,0,1,0,1,0,1,0,0"
"DATA,1734141,0,2355.0,1,8.441,0.981,8.302,1,7.927,0.011,0.091,70.8,1,4.912,0.273,1.343,67,1,3.750,34.7,0,0,0,1,0,1,0,1,0,1,0,0"
"DATA,1744180,0,2359.2,1,8.440,0.981,8.292,1,7.927,0.011,0.091,70.8,1,4.913,0.273,1.343,67,1,3.750,34.7,0,0,0,1,0,1,0,1,0,1,0,0"
"DATA,1754221,0,2357.5,1,8.437,0.979,8.277,1,7.927,0.011,0.091,70.8,1,4.912,0.273,1.343,67,1,3.750,34.7,0,0,0,1,0,1,0,1,0,1,0,0"
"DATA,1764252,0,2357.5,1,8.435,0.978,8.259,1,7.928,0.011,0.091,70.8,1,4.912,0.273,1.342,67,1,3.750,34.7,0,0,0,1,0,1,0,1,0,1,0,0"
"DATA,1774259,0,2354.2,1,8.439,0.980,8.281,1,7.930,0.011,0.091,70.8,1,4.912,0.273,1.343,67,1,3.750,34.7,0,0,0,1,0,1,0,1,0,1,0,0"
"DATA,1784264,0,2359.2,1,8.439,0.979,8.281,1,7.930,0.011,0.091,70.8,1,4.911,0.273,1.343,67,1,3.750,34.7,0,0,0,1,0,1,0,1,0,1,0,0"
"DATA,1794271,0,2359.2,1,8.438,0.979,8.277,1,7.931,0.011,0.091,70.8,1,4.911,0.273,1.343,67,1,3.750,34.7,0,0,0,1,0,1,0,1,0,1,0,0"
"DATA,1804307,0,2359.2,1,8.438,0.978,8.273,1,7.930,0.011,0.091,70.8,1,4.911,0.273,1.343,67,1,3.749,34.7,0,0,0,1,0,1,0,1,0,1,0,0"
"DATA,1814344,0,2358.3,1,8.438,0.978,8.271,1,7.932,0.011,0.091,70.8,1,4.911,0.273,1.343,67,1,3.749,34.7,0,0,0,1,0,1,0,1,0,1,0,0"
"DATA,1824385,0,2358.3,1,8.439,0.978,8.269,1,7.932,0.011,0.091,70.8,1,4.911,0.273,1.343,67,1,3.747,34.7,0,0,0,1,0,1,0,1,0,1,0,0"
"DATA,1834434,0,2359.2,1,8.441,0.978,8.271,1,7.933,0.011,0.091,70.7,1,4.911,0.273,1.343,67,1,3.747,34.7,0,0,0,1,0,1,0,1,0,1,0,0"
"DATA,1844470,0,2359.2,1,8.441,0.978,8.273,1,7.933,0.011,0.091,70.7,1,4.911,0.273,1.343,67,1,3.749,34.7,0,0,0,1,0,1,0,1,0,1,0,0"
"DATA,1854517,0,2358.3,1,8.439,0.977,8.259,1,7.934,0.011,0.091,70.7,1,4.911,0.273,1.343,67,1,3.747,34.7,0,0,0,1,0,1,0,1,0,1,0,0"
"DATA,1864538,0,2359.2,1,8.438,0.975,8.249,1,7.934,0.011,0.091,70.7,1,4.911,0.273,1.343,67,1,3.747,34.7,0,0,0,1,0,1,0,1,0,1,0,0"
"DATA,1874584,0,2359.2,1,8.445,0.979,8.283,1,7.938,0.011,0.091,70.7,1,4.911,0.273,1.343,67,1,3.747,34.3,0,0,0,1,0,1,0,1,0,1,0,0"
"DATA,1884587,0,2358.3,1,8.442,0.977,8.267,1,7.938,0.011,0.091,70.7,1,4.910,0.273,1.343,67,1,3.747,34.3,0,0,0,1,0,1,0,1,0,1,0,0"
"DATA,1894607,0,2352.5,1,8.444,0.977,8.269,1,7.936,0.011,0.091,70.7,1,4.912,0.273,1.343,67,1,3.746,34.3,0,0,0,1,0,1,0,1,0,1,0,0"
"DATA,1904620,0,2320.8,1,8.445,0.977,8.269,1,7.936,0.011,0.091,70.7,1,4.912,0.273,1.343,67,1,3.746,34.3,0,0,0,1,0,1,0,1,0,1,0,0"

"DATA,1914634,0,2351.7,1,8.447,0.977,8.269,1,7.938,0.011,0.091,70.7,1,4.912,0.273,1.343,67,1,3.746,34.3,0,0,0,1,0,1,0,1,0,1,0,0"
"DATA,1924676,0,2352.5,1,8.447,0.977,8.263,1,7.939,0.011,0.091,70.7,1,4.912,0.273,1.343,67,1,3.745,34.3,0,0,0,1,0,1,0,1,0,1,0,0"
"DATA,1934698,0,2351.7,1,8.450,0.979,8.283,1,7.941,0.011,0.091,70.7,1,4.912,0.273,1.343,67,1,3.745,34.3,0,0,0,1,0,1,0,1,0,1,0,0"
"DATA,1944737,0,2351.7,1,8.448,0.977,8.269,1,7.940,0.011,0.091,70.7,1,4.913,0.273,1.343,67,1,3.745,34.3,0,0,0,1,0,1,0,1,0,1,0,0"
"DATA,1954772,0,2350.8,1,8.447,0.977,8.265,1,7.941,0.011,0.091,70.7,1,4.913,0.273,1.343,67,1,3.745,34.3,0,0,0,1,0,1,0,1,0,1,0,0"
"DATA,1964795,0,2350.8,1,8.450,0.978,8.275,1,7.942,0.011,0.091,70.7,1,4.913,0.273,1.343,67,1,3.745,34.3,0,0,0,1,0,1,0,1,0,1,0,0"
"DATA,1974806,0,2354.2,1,8.449,0.976,8.261,1,7.943,0.011,0.091,70.7,1,4.912,0.273,1.343,67,1,3.745,34.3,0,0,0,1,0,1,0,1,0,1,0,0"
"DATA,1984853,0,2350.8,1,8.448,0.975,8.255,1,7.943,0.011,0.091,70.7,1,4.913,0.273,1.343,67,1,3.745,34.3,0,0,0,1,0,1,0,1,0,1,0,0"
"DATA,1994886,0,2350.8,1,8.449,0.976,8.261,1,7.943,0.011,0.091,70.7,1,4.913,0.273,1.343,67,1,3.745,34.3,0,0,0,1,0,1,0,1,0,1,0,0"
"DATA,2004935,0,2351.7,1,8.451,0.976,8.269,1,7.945,0.011,0.091,70.7,1,4.912,0.273,1.343,67,1,3.745,34.3,0,0,0,1,0,1,0,1,0,1,0,0"
"DATA,2014939,0,2355.8,1,8.450,0.976,8.261,1,7.946,0.011,0.091,70.7,1,4.912,0.273,1.343,67,1,3.745,33.8,0,0,0,1,0,1,0,1,0,1,0,0"
"DATA,2024978,0,2355.8,1,8.452,0.976,8.265,1,7.946,0.011,0.091,70.7,1,4.912,0.273,1.343,67,1,3.744,33.8,0,0,0,1,0,1,0,1,0,1,0,0"
"DATA,2035019,0,2352.5,1,8.452,0.975,8.253,1,7.946,0.011,0.091,70.7,1,4.912,0.273,1.343,67,1,3.742,33.8,0,0,0,1,0,1,0,1,0,1,0,0"

"DATA,2045022,0,2350.8,1,8.453,0.975,8.259,1,7.948,0.011,0.091,70.7,1,4.913,0.273,1.343,67,1,3.742,33.8,0,0,0,1,0,1,0,1,0,1,0,0"
"DATA,2055071,0,2354.2,1,8.453,0.975,8.255,1,7.947,0.011,0.091,70.7,1,4.912,0.273,1.343,67,1,3.742,33.8,0,0,0,1,0,1,0,1,0,1,0,0"

"DATA,2065097,0,2351.7,1,8.450,0.974,8.247,1,7.949,0.011,0.091,70.7,1,4.911,0.273,1.343,67,1,3.742,33.8,0,0,0,1,0,1,0,1,0,1,0,0"
"DATA,2075116,0,2348.3,1,8.456,0.976,8.269,1,7.949,0.011,0.091,70.7,1,4.913,0.273,1.343,67,1,3.742,33.8,0,0,0,1,0,1,0,1,0,1,0,0"
"DATA,2085117,0,2351.7,1,8.456,0.975,8.259,1,7.949,0.011,0.091,70.7,1,4.913,0.273,1.343,67,1,3.742,33.8,0,0,0,1,0,1,0,1,0,1,0,0"
"DATA,2095163,0,2350.8,1,8.456,0.975,8.259,1,7.949,0.011,0.091,70.7,1,4.913,0.273,1.343,67,1,3.742,33.8,0,0,0,1,0,1,0,1,0,1,0,0"
"DATA,2105210,0,2350.8,1,8.455,0.975,8.259,1,7.951,0.011,0.091,70.7,1,4.912,0.273,1.343,67,1,3.741,33.8,0,0,0,1,0,1,0,1,0,1,0,0"

"DATA,2115235,0,2350.8,1,8.458,0.975,8.257,1,7.952,0.011,0.091,70.7,1,4.913,0.273,1.343,67,1,3.741,33.8,0,0,0,1,0,1,0,1,0,1,0,0"
"DATA,2125238,0,2350.0,1,8.460,0.974,8.255,1,7.952,0.011,0.091,70.7,1,4.914,0.273,1.343,67,1,3.741,33.8,0,0,0,1,0,1,0,1,0,1,0,0"
"DATA,2135266,0,2350.8,1,8.460,0.975,8.259,1,7.954,0.011,0.091,70.7,1,4.913,0.273,1.343,67,1,3.741,33.8,0,0,0,1,0,1,0,1,0,1,0,0"
"DATA,2145276,0,2351.7,1,8.460,0.975,8.261,1,7.954,0.011,0.091,70.7,1,4.913,0.273,1.343,67,1,3.741,33.4,0,0,0,1,0,1,0,1,0,1,0,0"
"DATA,2155280,0,2349.2,1,8.460,0.975,8.265,1,7.956,0.011,0.091,70.7,1,4.912,0.273,1.343,67,1,3.741,33.4,0,0,0,1,0,1,0,1,0,1,0,0"
"DATA,2165298,0,2349.2,1,8.462,0.975,8.265,1,7.956,0.011,0.091,70.7,1,4.913,0.273,1.343,67,1,3.740,33.4,0,0,0,1,0,1,0,1,0,1,0,0"
"DATA,2175341,0,2349.2,1,8.465,0.976,8.279,1,7.958,0.011,0.091,70.7,1,4.913,0.273,1.343,67,1,3.740,33.4,0,0,0,1,0,1,0,1,0,1,0,0"
"DATA,2185354,0,2348.3,1,8.465,0.974,8.265,1,7.959,0.011,0.091,70.7,1,4.913,0.273,1.343,67,1,3.740,33.4,0,0,0,1,0,1,0,1,0,1,0,0"
"DATA,2195390,0,2347.5,1,8.464,0.974,8.261,1,7.960,0.011,0.091,70.7,1,4.912,0.273,1.343,67,1,3.739,33.4,0,0,0,1,0,1,0,1,0,1,0,0"
"DATA,2205395,0,2347.5,1,8.467,0.976,8.281,1,7.962,0.011,0.091,70.7,1,4.912,0.273,1.343,67,1,3.740,33.4,0,0,0,1,0,1,0,1,0,1,0,0"
"DATA,2215405,0,2349.2,1,8.468,0.975,8.269,1,7.962,0.011,0.091,70.7,1,4.913,0.273,1.343,67,1,3.740,33.4,0,0,0,1,0,1,0,1,0,1,0,0"
"DATA,2225441,0,2346.7,1,8.469,0.976,8.277,1,7.962,0.011,0.091,70.7,1,4.913,0.273,1.343,67,1,3.739,33.4,0,0,0,1,0,1,0,1,0,1,0,0"
"DATA,2235454,0,2345.8,1,8.470,0.976,8.277,1,7.964,0.011,0.091,70.7,1,4.913,0.273,1.343,67,1,3.737,33.4,0,0,0,1,0,1,0,1,0,1,0,0"
"DATA,2245492,0,2347.5,1,8.473,0.978,8.302,1,7.964,0.011,0.091,70.7,1,4.912,0.273,1.343,67,1,3.737,33.4,0,0,0,1,0,1,0,1,0,1,0,0"
"DATA,2255536,0,2342.5,1,8.477,0.979,8.316,1,7.967,0.011,0.091,70.7,1,4.913,0.273,1.343,67,1,3.737,33.4,0,0,0,1,0,1,0,1,0,1,0,0"
"DATA,2265584,0,2341.7,1,8.478,0.979,8.316,1,7.966,0.011,0.091,70.7,1,4.913,0.273,1.343,67,1,3.737,33.4,0,0,0,1,0,1,0,1,0,1,0,0"
"DATA,2275608,0,2341.7,1,8.477,0.978,8.306,1,7.967,0.011,0.091,70.7,1,4.913,0.273,1.343,67,1,3.737,33.0,0,0,0,1,0,1,0,1,0,1,0,0"
"DATA,2285646,0,2339.2,1,8.476,0.977,8.302,1,7.969,0.011,0.091,70.7,1,4.912,0.273,1.343,67,1,3.737,33.0,0,0,0,1,0,1,0,1,0,1,0,0"
"DATA,2295680,0,2335.8,1,8.479,0.978,8.310,1,7.970,0.011,0.091,70.7,1,4.912,0.273,1.343,67,1,3.737,33.0,0,0,0,1,0,1,0,1,0,1,0,0"
"DATA,2305723,0,2312.5,1,8.480,0.978,8.306,1,7.971,0.011,0.091,70.7,1,4.912,0.273,1.343,67,1,3.736,33.0,0,0,0,1,0,1,0,1,0,1,0,0"
"DATA,2315762,0,2335.0,1,8.480,0.977,8.300,1,7.971,0.011,0.091,70.7,1,4.913,0.273,1.343,67,1,3.737,33.0,0,0,0,1,0,1,0,1,0,1,0,0"
"DATA,2325810,0,2332.5,1,8.480,0.977,8.302,1,7.972,0.011,0.091,70.7,1,4.913,0.273,1.343,67,1,3.737,33.0,0,0,0,1,0,1,0,1,0,1,0,0"
"DATA,2335815,0,2321.7,1,8.478,0.976,8.287,1,7.972,0.011,0.091,70.7,1,4.912,0.273,1.343,67,1,3.736,33.0,0,0,0,1,0,1,0,1,0,1,0,0"
"DATA,2345821,0,2329.2,1,8.479,0.975,8.285,1,7.973,0.011,0.091,70.7,1,4.913,0.273,1.343,67,1,3.736,33.0,0,0,0,1,0,1,0,1,0,1,0,0"
"DATA,2355868,0,2314.2,1,8.484,0.978,8.318,1,7.973,0.011,0.091,70.7,1,4.912,0.273,1.343,67,1,3.735,33.0,0,0,0,1,0,1,0,1,0,1,0,0"
"DATA,2365873,0,2323.3,1,8.487,0.978,8.322,1,7.974,0.011,0.091,70.7,1,4.912,0.273,1.343,67,1,3.735,33.0,0,0,0,1,0,1,0,1,0,1,0,0"
"DATA,2375885,0,2322.5,1,8.484,0.977,8.302,1,7.976,0.011,0.092,70.7,1,4.913,0.273,1.342,67,1,3.735,33.0,0,0,0,1,0,1,0,1,0,1,0,0"
"DATA,2385933,0,2322.5,1,8.485,0.976,8.300,1,7.976,0.011,0.092,70.7,1,4.912,0.272,1.339,67,1,3.735,33.0,0,0,0,1,0,1,0,1,0,1,0,0"
"DATA,2395948,0,2301.7,1,8.486,0.977,8.304,1,7.976,0.011,0.092,70.7,1,4.911,0.272,1.337,67,1,3.735,32.6,0,0,0,1,0,1,0,1,0,1,0,0"
"DATA,2405974,0,2318.3,1,8.487,0.976,8.302,1,7.978,0.011,0.092,70.7,1,4.911,0.272,1.337,67,1,3.734,32.6,0,0,0,1,0,1,0,1,0,1,0,0"
"DATA,2415980,0,2317.5,1,8.487,0.976,8.302,1,7.979,0.011,0.092,70.7,1,4.910,0.272,1.337,67,1,3.732,32.6,0,0,0,1,0,1,0,1,0,1,0,0"






