test_sequence_index,scene_id,scene_label,true_future_pv_p,pred_int8_future_pv_p,err_int8_future_pv_p,true_future_load_p,pred_int8_future_load_p,err_int8_future_load_p,true_future_home_soc,pred_int8_future_home_soc,err_int8_future_home_soc
0,1,T1_night_no_pv,0.0,0.0,0.0,0.910296,0.92322856,0.012932539,67.780624,70.22497,2.4443436
1,1,T1_night_no_pv,0.0,0.0,0.0,0.910296,0.92322856,0.012932539,67.7676,70.22497,2.457367
2,1,T1_night_no_pv,0.0,0.0,0.0,0.910296,0.92322856,0.012932539,67.744896,70.22497,2.480072
3,1,T1_night_no_pv,0.0,0.0,0.0,0.910296,0.9056432,-0.004652798,67.72719,70.22497,2.4977798
4,1,T1_night_no_pv,0.0,0.0,0.0,0.9102797,0.92322856,0.012948871,67.709274,70.22497,2.5156937
5,1,T1_night_no_pv,0.0,0.0,0.0,0.9102421,0.9056432,-0.004598856,67.68125,70.58695,2.9057007
6,1,T1_night_no_pv,0.0,0.0,0.0,0.9102064,0.92322856,0.013022184,67.64448,70.58695,2.9424744
7,1,T1_night_no_pv,0.0,0.0,0.0,0.9102011,0.92322856,0.013027489,67.627914,70.22497,2.5970535
8,1,T1_night_no_pv,0.0,0.0,0.0,0.910176,0.9056432,-0.0045327544,67.607086,70.58695,2.979866
9,1,T1_night_no_pv,0.0,0.0,0.0,0.9101547,0.9056432,-0.0045114756,67.5875,70.58695,2.9994507
10,1,T1_night_no_pv,0.0,0.0,0.0,0.9101547,0.9056432,-0.0045114756,67.57802,70.58695,3.008934
11,1,T1_night_no_pv,0.0,0.0,0.0,0.91015625,0.9056432,-0.0045130253,67.57739,70.58695,3.0095596
12,1,T1_night_no_pv,0.0,0.0,0.0,0.9101578,0.9056432,-0.004514575,67.566666,70.58695,3.0202866
13,1,T1_night_no_pv,0.0,0.0,0.0,0.9101829,0.9056432,-0.0045396686,67.55364,70.22497,2.6713257
14,1,T1_night_no_pv,0.0,0.0,0.0,0.9102205,0.9056432,-0.004577279,67.541145,70.22497,2.6838226
15,1,T1_night_no_pv,0.0,0.0,0.0,0.9102459,0.9056432,-0.0046026707,67.52865,70.58695,3.0583038
16,1,T1_night_no_pv,0.0,0.0,0.0,0.91024745,0.9056432,-0.0046042204,67.51448,70.22497,2.7104874
17,1,T1_night_no_pv,0.0,0.0,0.0,0.910249,0.9056432,-0.00460577,67.49021,69.501,2.010788
18,1,T1_night_no_pv,0.0,0.0,0.0,0.910249,0.9056432,-0.00460577,67.47406,70.22497,2.750908
19,1,T1_night_no_pv,0.0,0.0,0.0,0.910228,0.9056432,-0.0045847893,67.45458,69.501,2.0464172
20,1,T1_night_no_pv,0.0,0.0,0.0,0.9102026,0.9056432,-0.0045593977,67.425,70.22497,2.799965
21,1,T1_night_no_pv,0.0,0.0,0.0,0.9101976,0.9056432,-0.004554391,67.38917,70.22497,2.8358002
22,1,T1_night_no_pv,0.0,0.0,0.0,0.9101622,0.92322856,0.013066351,67.363434,70.58695,3.2235184
23,1,T1_night_no_pv,0.0,0.0,0.0,0.9101544,0.92322856,0.01307416,67.33844,70.22497,2.886528
24,1,T1_night_no_pv,0.0,0.0,0.0,0.9101754,0.92322856,0.013053179,67.31292,70.22497,2.9120483
25,1,T1_night_no_pv,0.0,0.0,0.0,0.9101976,0.9056432,-0.004554391,67.2874,70.58695,3.299553
26,1,T1_night_no_pv,0.0,0.0,0.0,0.9102058,0.9056432,-0.0045625567,67.2624,70.58695,3.3245544
27,1,T1_night_no_pv,0.0,0.0,0.0,0.91024333,0.9056432,-0.0046001077,67.23708,71.31092,4.0738373
28,1,T1_night_no_pv,0.0,0.0,0.0,0.9102512,0.9056432,-0.0046079755,67.20167,70.58695,3.3852844
29,1,T1_night_no_pv,0.0,0.0,0.0,0.9102512,0.9056432,-0.0046079755,67.17167,70.58695,3.4152832
30,1,T1_night_no_pv,0.0,0.0,0.0,0.91024965,0.9056432,-0.0046064258,67.15177,70.58695,3.4351807
31,1,T1_night_no_pv,0.0,0.0,0.0,0.9102512,0.9056432,-0.0046079755,67.13604,70.58695,3.4509125
32,1,T1_night_no_pv,0.0,0.0,0.0,0.9102512,0.9056432,-0.0046079755,67.11052,70.58695,3.4764328
33,1,T1_night_no_pv,0.0,0.0,0.0,0.9102512,0.9056432,-0.0046079755,67.085,70.22497,3.1399689
34,1,T1_night_no_pv,0.0,0.0,0.0,0.9102512,0.9056432,-0.0046079755,67.06,70.58695,3.5269547
35,1,T1_night_no_pv,0.0,0.0,0.0,0.9102681,0.9056432,-0.004624903,67.041145,70.58695,3.545807
36,1,T1_night_no_pv,0.0,0.0,0.0,0.910296,0.9056432,-0.004652798,67.031876,70.58695,3.5550766
37,1,T1_night_no_pv,0.0,0.0,0.0,0.910296,0.9056432,-0.004652798,67.03136,70.58695,3.5555954
38,1,T1_night_no_pv,0.0,0.0,0.0,0.910296,0.92322856,0.012932539,67.03083,70.58695,3.5561218
39,1,T1_night_no_pv,0.0,0.0,0.0,0.910296,0.92322856,0.012932539,67.021774,70.22497,3.2031937
40,1,T1_night_no_pv,0.0,0.0,0.0,0.91027594,0.9056432,-0.0046327114,67.00313,70.22497,3.22184
41,1,T1_night_no_pv,0.0,0.0,0.0,0.9102383,0.92322856,0.012990236,66.97813,70.22497,3.2468414
42,1,T1_night_no_pv,0.0,0.0,0.0,0.9102064,0.92322856,0.013022184,66.95261,70.22497,3.2723618
43,1,T1_night_no_pv,0.0,0.0,0.0,0.9102048,0.92322856,0.013023734,66.927086,70.22497,3.297882
44,1,T1_night_no_pv,0.0,0.0,0.0,0.9102048,0.92322856,0.013023734,66.91115,70.58695,3.6758041
45,1,T1_night_no_pv,0.0,0.0,0.0,0.91022485,0.92322856,0.013003707,66.89864,70.22497,3.3263245
46,1,T1_night_no_pv,0.0,0.0,0.0,0.91024804,0.9056432,-0.0046048164,66.881355,70.22497,3.3436127
47,1,T1_night_no_pv,0.0,0.0,0.0,0.91024244,0.9056432,-0.0045992136,66.85823,70.22497,3.3667374
48,1,T1_night_no_pv,0.0,0.0,0.0,0.9102064,0.9056432,-0.004563153,66.84521,70.22497,3.3797607
49,1,T1_night_no_pv,0.0,0.0,0.0,0.91018397,0.9056432,-0.0045407414,66.83776,70.22497,3.387207
50,1,T1_night_no_pv,0.0,0.0,0.0,0.91014665,0.9056432,-0.004503429,66.82535,70.58695,3.7616043
51,1,T1_night_no_pv,0.0,0.0,0.0,0.910108,0.92322856,0.013120592,66.8125,70.22497,3.412468
52,1,T1_night_no_pv,0.0,0.0,0.0,0.910108,0.9056432,-0.0044647455,66.8125,70.22497,3.412468
53,2,T2_dawn_weak_light,8.242464,7.372599,-0.86986494,1.3369664,1.2925199,-0.04444647,78.41375,80.72251,2.3087616
54,2,T2_dawn_weak_light,8.243206,7.372599,-0.8706069,1.3369453,1.2925199,-0.04442537,78.42819,80.72251,2.2943192
55,2,T2_dawn_weak_light,8.244487,7.372599,-0.8718877,1.336964,1.2925199,-0.044444084,78.43611,80.72251,2.2863998
56,2,T2_dawn_weak_light,8.244015,7.372599,-0.8714156,1.3374767,1.2925199,-0.044956803,78.425,80.72251,2.2975082
57,2,T2_dawn_weak_light,8.243036,7.372599,-0.87043715,1.3384585,1.2925199,-0.04593861,78.400276,80.72251,2.322235
58,2,T2_dawn_weak_light,8.243033,7.372599,-0.8704343,1.3394117,1.2925199,-0.04689181,78.38208,80.72251,2.3404312
59,2,T2_dawn_weak_light,8.2422905,7.372599,-0.8696914,1.3403153,1.2925199,-0.047795415,78.370415,80.72251,2.3520966
60,2,T2_dawn_weak_light,8.240471,7.372599,-0.86787176,1.3411906,1.2925199,-0.04867065,78.36528,80.72251,2.3572311
61,2,T2_dawn_weak_light,8.239451,7.372599,-0.8668523,1.3416064,1.2925199,-0.04908645,78.37639,80.72251,2.3461227
62,2,T2_dawn_weak_light,8.238588,7.372599,-0.8659892,1.3415875,1.2925199,-0.049067616,78.393196,80.72251,2.3293152
63,2,T2_dawn_weak_light,8.2369795,7.372599,-0.86438036,1.3416172,1.2925199,-0.0490973,78.395,80.72251,2.3275146
64,2,T2_dawn_weak_light,8.235178,7.372599,-0.86257887,1.3416718,1.2925199,-0.049151897,78.37722,80.72251,2.3452911
65,2,T2_dawn_weak_light,8.233725,7.372599,-0.86112547,1.3417264,1.2925199,-0.049206495,78.35486,80.72251,2.367653
66,2,T2_dawn_weak_light,8.233535,7.372599,-0.8609357,1.341775,1.2925199,-0.049255013,78.35486,80.72251,2.367653
67,2,T2_dawn_weak_light,8.235798,7.372599,-0.86319876,1.3417683,1.2925199,-0.049248338,78.375275,80.72251,2.3472366
68,2,T2_dawn_weak_light,8.240859,7.372599,-0.8682599,1.3416846,1.2925199,-0.049164653,78.40417,80.72251,2.318344
69,2,T2_dawn_weak_light,8.245908,7.372599,-0.87330866,1.3415911,1.2925199,-0.049071193,78.4425,80.72251,2.280014
70,2,T2_dawn_weak_light,8.248658,7.372599,-0.87605906,1.3415263,1.2925199,-0.049006343,78.47236,80.72251,2.2501526
71,2,T2_dawn_weak_light,8.249004,7.372599,-0.87640524,1.3414717,1.2925199,-0.048951745,78.46958,80.72251,2.2529297
72,2,T2_dawn_weak_light,8.246795,7.372599,-0.8741956,1.3414438,1.2925199,-0.04892385,78.44639,80.72251,2.276123
73,2,T2_dawn_weak_light,8.242939,7.372599,-0.8703399,1.3414729,1.2925199,-0.048952937,78.435555,80.72251,2.2869568
74,2,T2_dawn_weak_light,8.240275,7.372599,-0.86767626,1.3415117,1.2925199,-0.0489918,78.447914,80.72251,2.2745972
75,2,T2_dawn_weak_light,8.238979,7.372599,-0.8663802,1.341522,1.2925199,-0.04900205,78.47583,80.72251,2.2466812
76,2,T2_dawn_weak_light,8.238037,7.372599,-0.865438,1.341522,1.2925199,-0.04900205,78.51681,80.72251,2.2057037
77,2,T2_dawn_weak_light,8.238928,7.372599,-0.8663287,1.3415475,1.2925199,-0.049027562,78.565,80.72251,2.1575089
78,2,T2_dawn_weak_light,8.240387,7.372599,-0.86778784,1.3416015,1.2925199,-0.049081564,78.60083,80.72251,2.1216812
79,2,T2_dawn_weak_light,8.239837,7.372599,-0.86723757,1.3416561,1.2925199,-0.04913616,78.62986,80.72251,2.0926514
80,2,T2_dawn_weak_light,8.238962,7.372599,-0.86636305,1.3417107,1.2925199,-0.04919076,78.6625,80.72251,2.0600128
81,2,T2_dawn_weak_light,8.239165,7.372599,-0.8665662,1.3417653,1.3101052,-0.03166008,78.69514,80.72251,2.0273743
82,2,T2_dawn_weak_light,8.238437,7.372599,-0.8658376,1.3417902,1.2925199,-0.049270272,78.73167,80.72251,1.9908447
83,2,T2_dawn_weak_light,8.235553,7.372599,-0.86295366,1.341758,1.2925199,-0.049238086,78.761665,80.72251,1.960846
84,2,T2_dawn_weak_light,8.232799,7.372599,-0.86019945,1.3417101,1.2925199,-0.049190164,78.77695,80.72251,1.9455643
85,2,T2_dawn_weak_light,8.231053,7.372599,-0.8584542,1.3416907,1.3101052,-0.031585455,78.79264,80.72251,1.9298706
86,2,T2_dawn_weak_light,8.229586,7.372599,-0.8569865,1.3416907,1.3101052,-0.031585455,78.81069,80.72251,1.9118195
87,2,T2_dawn_weak_light,8.229165,7.372599,-0.85656595,1.341695,1.3101052,-0.031589746,78.824165,80.72251,1.898346
88,2,T2_dawn_weak_light,8.230009,7.372599,-0.85740995,1.3417276,1.3101052,-0.03162241,78.84153,80.72251,1.8809814
89,2,T2_dawn_weak_light,8.23068,7.372599,-0.85808134,1.3417755,1.3101052,-0.031670332,78.85431,80.72251,1.8682022
90,2,T2_dawn_weak_light,8.231227,7.372599,-0.8586278,1.3415438,1.3101052,-0.03143859,78.85389,80.72251,1.8686218
91,2,T2_dawn_weak_light,8.2323675,7.372599,-0.8597684,1.3407792,1.2925199,-0.04825926,78.85111,80.72251,1.8713989
92,2,T2_dawn_weak_light,8.233567,7.372599,-0.8609681,1.3397799,1.3101052,-0.02967465,78.85486,80.72251,1.8676529
93,2,T2_dawn_weak_light,8.235659,7.372599,-0.8630595,1.3387522,1.3101052,-0.028646946,78.867775,80.72251,1.8547363
94,2,T2_dawn_weak_light,8.2385845,7.372599,-0.8659854,1.3377148,1.3101052,-0.027609587,78.89375,80.72251,1.8287582
95,2,T2_dawn_weak_light,8.240763,7.372599,-0.8681636,1.3369286,1.2925199,-0.04440868,78.92639,80.72251,1.7961197
96,2,T2_dawn_weak_light,8.240967,7.372599,-0.8683677,1.3370591,1.3101052,-0.026953936,78.9493,80.72251,1.7732086
97,2,T2_dawn_weak_light,8.2390585,7.372599,-0.86645937,1.3379662,1.3101052,-0.027861,78.95917,80.72251,1.7633438
98,2,T2_dawn_weak_light,8.234273,7.372599,-0.86167383,1.3389939,1.2925199,-0.04647398,78.96139,80.72251,1.7611237
99,2,T2_dawn_weak_light,8.227677,7.372599,-0.8550782,1.3400314,1.2925199,-0.04751146,78.957085,80.72251,1.7654266
100,2,T2_dawn_weak_light,8.223468,7.372599,-0.8508687,1.3410426,1.2925199,-0.04852271,78.95819,80.72251,1.7643204
101,2,T2_dawn_weak_light,8.222207,7.372599,-0.84960794,1.3416221,1.3101052,-0.03151691,78.975555,80.72251,1.7469559
102,2,T2_dawn_weak_light,8.220241,7.372599,-0.84764147,1.3416941,1.3101052,-0.031588912,78.98368,80.72251,1.7388306
103,2,T2_dawn_weak_light,8.219964,7.372599,-0.8473649,1.3416605,1.3101052,-0.031555295,78.99908,80.72251,1.7234344
104,2,T2_dawn_weak_light,8.224283,7.372599,-0.8516841,1.3415933,1.3101052,-0.03148806,79.02986,80.72251,1.6926498
105,2,T2_dawn_weak_light,8.229156,7.372599,-0.8565564,1.341522,1.3101052,-0.031416774,79.0625,80.72251,1.6600113
106,3,T3_noon_strong_light,8.245511,7.372599,-0.87291193,1.3411762,1.3804464,0.03927028,86.8125,80.72251,-6.0899887
107,3,T3_noon_strong_light,8.246725,7.372599,-0.87412596,1.3412126,1.3804464,0.039233804,86.82917,80.72251,-6.106659
108,3,T3_noon_strong_light,8.245033,7.372599,-0.87243414,1.3411762,1.3804464,0.03927028,86.85833,80.72251,-6.1358185
109,3,T3_noon_strong_light,8.24486,7.372599,-0.8722606,1.3411762,1.3804464,0.03927028,86.895836,80.72251,-6.1733246
110,3,T3_noon_strong_light,8.244382,7.372599,-0.8717828,1.3412126,1.3804464,0.039233804,86.933334,80.72251,-6.210823
111,3,T3_noon_strong_light,8.244034,7.372599,-0.8714347,1.341249,1.3804464,0.039197445,86.979164,80.72251,-6.256653
112,3,T3_noon_strong_light,8.244944,7.372599,-0.8723445,1.3412853,1.3804464,0.039161086,87.025,80.72251,-6.30249
113,3,T3_noon_strong_light,8.245724,7.372599,-0.8731246,1.3413218,1.3804464,0.039124608,87.058334,80.72251,-6.335823
114,3,T3_noon_strong_light,8.246114,7.372599,-0.87351465,1.3413036,1.3804464,0.039142847,87.09167,80.72251,-6.369156
115,3,T3_noon_strong_light,8.247372,7.372599,-0.87477255,1.3412126,1.3804464,0.039233804,87.14167,80.72251,-6.419159
116,3,T3_noon_strong_light,8.24876,7.372599,-0.8761611,1.341158,1.3980318,0.0568738,87.183334,80.72251,-6.460823
117,3,T3_noon_strong_light,8.249909,7.372599,-0.8773103,1.341158,1.4156171,0.074459076,87.21667,80.72251,-6.494156
118,3,T3_noon_strong_light,8.252577,7.372599,-0.8799777,1.341158,1.4156171,0.074459076,87.26667,80.72251,-6.544159
119,3,T3_noon_strong_light,8.252988,7.372599,-0.88038874,1.3411762,1.4332024,0.09202623,87.316666,80.72251,-6.5941544
120,3,T3_noon_strong_light,8.252205,7.372599,-0.87960577,1.3412126,1.4332024,0.091989756,87.35833,80.72251,-6.6358185
121,3,T3_noon_strong_light,8.251032,7.372599,-0.87843275,1.3411762,1.4156171,0.074440956,87.40833,80.72251,-6.6858215
122,3,T3_noon_strong_light,8.251617,7.372599,-0.8790183,1.3411216,1.4156171,0.074495554,87.46667,80.72251,-6.744156
123,3,T3_noon_strong_light,8.251509,7.372599,-0.8789096,1.3410852,1.4156171,0.07453191,87.51667,80.72251,-6.794159
124,3,T3_noon_strong_light,8.252658,7.372599,-0.88005877,1.3410852,1.4156171,0.07453191,87.558334,80.72251,-6.835823
125,3,T3_noon_strong_light,8.25626,7.372599,-0.8836608,1.3411034,1.4156171,0.074513674,87.59167,80.72251,-6.869156
126,3,T3_noon_strong_light,8.260687,7.372599,-0.88808775,1.341158,1.3980318,0.0568738,87.625,80.72251,-6.9024887
127,3,T3_noon_strong_light,8.262596,7.372599,-0.889997,1.3412126,1.4156171,0.07440448,87.65833,80.72251,-6.9358215
128,3,T3_noon_strong_light,8.266331,7.372599,-0.8937316,1.3412126,1.3980318,0.0568192,87.683334,80.72251,-6.960823
129,3,T3_noon_strong_light,8.273215,7.372599,-0.90061617,1.3411762,1.4156171,0.074440956,87.72083,80.72251,-6.9983215
130,3,T3_noon_strong_light,8.280493,7.372599,-0.90789366,1.3411762,1.3980318,0.05685568,87.78333,80.72251,-7.0608215
131,3,T3_noon_strong_light,8.287206,7.372599,-0.9146066,1.3411762,1.3980318,0.05685568,87.82917,80.72251,-7.106659
132,3,T3_noon_strong_light,8.293223,7.372599,-0.92062426,1.3411762,1.3980318,0.05685568,87.85833,80.72251,-7.1358185
133,3,T3_noon_strong_light,8.295331,7.372599,-0.9227319,1.3412126,1.3980318,0.0568192,87.895836,80.72251,-7.1733246
134,3,T3_noon_strong_light,8.294027,7.372599,-0.9214282,1.3412126,1.3980318,0.0568192,87.9375,80.72251,-7.2149887
135,3,T3_noon_strong_light,8.291202,7.372599,-0.91860247,1.341158,1.3980318,0.0568738,87.96667,80.72251,-7.244156
136,3,T3_noon_strong_light,8.289767,7.372599,-0.91716814,1.3411034,1.3980318,0.056928396,88.0125,80.72251,-7.2899857
137,3,T3_noon_strong_light,8.289028,7.372599,-0.91642904,1.3410488,1.3980318,0.056982994,88.066666,80.72251,-7.3441544
138,3,T3_noon_strong_light,8.289049,7.372599,-0.91645,1.3410124,1.3980318,0.057019472,88.11667,80.72251,-7.3941574
139,3,T3_noon_strong_light,8.289201,7.372599,-0.91660166,1.3410488,1.3980318,0.056982994,88.15,80.72251,-7.42749
140,3,T3_noon_strong_light,8.289222,7.372599,-0.91662264,1.3411034,1.3980318,0.056928396,88.17917,80.72251,-7.4566574
141,3,T3_noon_strong_light,8.287025,7.372599,-0.9144263,1.3411398,1.3980318,0.056892037,88.20417,80.72251,-7.481659
142,3,T3_noon_strong_light,8.283309,7.372599,-0.91070986,1.3411398,1.3980318,0.056892037,88.22083,80.72251,-7.4983215
143,3,T3_noon_strong_light,8.279091,7.372599,-0.90649176,1.341158,1.3980318,0.0568738,88.24167,80.72251,-7.5191574
144,3,T3_noon_strong_light,8.277525,7.372599,-0.9049258,1.3411398,1.3980318,0.056892037,88.26667,80.72251,-7.544159
145,3,T3_noon_strong_light,8.280004,7.372599,-0.9074044,1.3410852,1.3980318,0.056946635,88.28333,80.72251,-7.5608215
146,3,T3_noon_strong_light,8.283569,7.372599,-0.9109702,1.3410488,1.3980318,0.056982994,88.30417,80.72251,-7.5816574
147,3,T3_noon_strong_light,8.287959,7.372599,-0.91536,1.341067,1.4156171,0.07455015,88.3375,80.72251,-7.61499
148,3,T3_noon_strong_light,8.291827,7.372599,-0.9192281,1.3410852,1.4156171,0.07453191,88.379166,80.72251,-7.6566544
149,3,T3_noon_strong_light,8.293174,7.372599,-0.92057467,1.340412,1.4156171,0.07520509,88.416664,80.72251,-7.694153
150,3,T3_noon_strong_light,8.2906065,7.372599,-0.9180074,1.3394115,1.4156171,0.07620561,88.45417,80.72251,-7.731659
151,3,T3_noon_strong_light,8.288909,7.372599,-0.91630983,1.3383747,1.4156171,0.077242374,88.48333,80.72251,-7.7608185
152,3,T3_noon_strong_light,8.286777,7.372599,-0.9141774,1.3373197,1.4156171,0.07829738,88.51667,80.72251,-7.794159
153,3,T3_noon_strong_light,8.2856655,7.372599,-0.9130664,1.3362101,1.4156171,0.07940698,88.54583,80.72251,-7.8233185
154,3,T3_noon_strong_light,8.285555,7.372599,-0.91295576,1.3357557,1.4156171,0.0798614,88.583336,80.72251,-7.8608246
155,3,T3_noon_strong_light,8.285815,7.372599,-0.9132161,1.3357013,1.4156171,0.07991576,88.604164,80.72251,-7.881653
156,3,T3_noon_strong_light,8.284146,7.372599,-0.9115472,1.3356711,1.4156171,0.07994604,88.638885,80.72251,-7.916374
157,3,T3_noon_strong_light,8.283312,7.372599,-0.9107127,1.3356106,1.4156171,0.08000648,88.666664,80.72251,-7.944153
158,3,T3_noon_strong_light,8.283312,7.372599,-0.9107127,1.33552,1.4156171,0.08009708,88.6875,80.72251,-7.9649887
159,4,T4_home_full_car_charge,8.320094,7.372599,-0.947495,1.7556026,1.011155,-0.7444476,91.116,80.72251,-10.393486
160,4,T4_home_full_car_charge,8.305789,7.372599,-0.93318987,2.0091383,1.011155,-0.99798334,90.943,80.72251,-10.2204895
161,4,T4_home_full_car_charge,8.29564,7.372599,-0.92304087,2.1912093,1.011155,-1.1800543,90.83,80.72251,-10.107491
162,4,T4_home_full_car_charge,8.293434,7.372599,-0.920835,2.250919,1.011155,-1.2397641,90.811,80.72251,-10.088486
163,4,T4_home_full_car_charge,8.291175,7.372599,-0.91857576,2.2430663,1.011155,-1.2319113,90.796,80.72251,-10.073486
164,4,T4_home_full_car_charge,8.288066,7.372599,-0.9154668,2.238281,1.011155,-1.227126,90.781,80.72251,-10.058487
165,4,T4_home_full_car_charge,8.284945,7.372599,-0.9123454,2.234907,1.011155,-1.2237519,90.769,80.72251,-10.046486
166,4,T4_home_full_car_charge,8.2798815,7.372599,-0.90728235,2.2323184,1.011155,-1.2211634,90.759,80.72251,-10.036491
167,4,T4_home_full_car_charge,8.272491,7.372599,-0.89989233,2.2304606,1.1430448,-1.0874158,90.748,80.72251,-10.02549
168,4,T4_home_full_car_charge,8.268234,7.372599,-0.8956351,2.2293882,1.3101052,-0.91928303,90.733,80.72251,-10.01049
169,4,T4_home_full_car_charge,8.2635565,7.372599,-0.89095736,2.2282434,1.4156171,-0.81262624,90.71,80.72251,-9.987488
170,4,T4_home_full_car_charge,8.260167,7.372599,-0.887568,2.227669,1.4859583,-0.74171066,90.685,80.72251,-9.962486
171,4,T4_home_full_car_charge,8.260766,7.372599,-0.8881669,2.2275238,1.5562996,-0.67122424,90.662,80.72251,-9.939491
172,4,T4_home_full_car_charge,8.265779,7.372599,-0.8931794,2.2274148,1.6178482,-0.6095667,90.641,80.72251,-9.918488
173,4,T4_home_full_car_charge,8.270099,7.372599,-0.89749956,2.2272332,1.670604,-0.5566292,90.616,80.72251,-9.893486
174,4,T4_home_full_car_charge,8.2720375,7.372599,-0.8994384,2.2271879,1.7145673,-0.51262057,90.61,80.72251,-9.887489
175,4,T4_home_full_car_charge,8.274362,7.372599,-0.9017625,2.2271423,1.7145673,-0.51257503,90.605,80.72251,-9.882492
176,4,T4_home_full_car_charge,8.276352,7.372599,-0.9037528,2.2270515,1.7585305,-0.468521,90.595,80.72251,-9.87249
177,4,T4_home_full_car_charge,8.275415,7.372599,-0.9028163,2.22687,1.7673233,-0.4595468,90.575,80.72251,-9.852486
178,5,T5_dusk_load_increase,0.005437467,0.23142688,0.22598942,2.0137007,1.9607615,-0.052939177,69.89913,59.72742,-10.171711
179,5,T5_dusk_load_increase,0.021387491,0.23142688,0.21003939,2.013366,1.9607615,-0.052604437,69.82656,59.72742,-10.09914
180,5,T5_dusk_load_increase,0.025746915,0.23142688,0.20567997,2.013321,1.9607615,-0.052559376,69.75399,59.72742,-10.026569
181,5,T5_dusk_load_increase,0.025746915,0.23142688,0.20567997,2.0134063,1.9607615,-0.05264473,69.68611,59.72742,-9.958691
182,5,T5_dusk_load_increase,0.025746915,0.23142688,0.20567997,2.0134358,1.9607615,-0.052674294,69.61719,59.72742,-9.889767
183,5,T5_dusk_load_increase,0.02030945,0.23142688,0.21111743,2.0135777,1.9607615,-0.052816153,69.535416,59.72742,-9.807995
184,5,T5_dusk_load_increase,0.0043594255,0.23142688,0.22706746,2.0139978,1.9607615,-0.053236246,69.45556,59.72742,-9.728138
185,5,T5_dusk_load_increase,0.0,0.23142688,0.23142688,2.014128,1.9607615,-0.053366423,69.38299,59.72742,-9.655567
186,5,T5_dusk_load_increase,0.0,0.23142688,0.23142688,2.014128,1.9607615,-0.053366423,69.30573,59.72742,-9.578312
187,5,T5_dusk_load_increase,0.0,0.23142688,0.23142688,2.014128,1.9607615,-0.053366423,69.22135,59.72742,-9.493931
188,5,T5_dusk_load_increase,0.0,0.23142688,0.23142688,2.014128,1.9607615,-0.053366423,69.145485,59.72742,-9.418064
189,5,T5_dusk_load_increase,0.0,0.23142688,0.23142688,2.014128,1.9607615,-0.053366423,69.06771,59.72742,-9.34029
190,5,T5_dusk_load_increase,0.0,0.23142688,0.23142688,2.0141706,1.9607615,-0.0534091,68.98889,59.72742,-9.261471
191,5,T5_dusk_load_increase,0.0,0.23142688,0.23142688,2.0142405,1.9607615,-0.053478956,68.91632,59.72742,-9.1889
192,5,T5_dusk_load_increase,0.0,0.1983659,0.1983659,2.0142522,1.9607615,-0.05349064,68.84375,59.003452,-9.840298
193,5,T5_dusk_load_increase,0.0,0.1983659,0.1983659,2.0142522,1.9607615,-0.05349064,68.777954,58.279484,-10.49847
194,5,T5_dusk_load_increase,0.0,0.1983659,0.1983659,2.0144813,1.9607615,-0.05371976,68.71788,58.279484,-10.438396
195,5,T5_dusk_load_increase,0.0,0.1983659,0.1983659,2.0153694,1.9607615,-0.05460787,68.651566,58.279484,-10.372082
196,5,T5_dusk_load_increase,0.0,0.1983659,0.1983659,2.0156298,1.9607615,-0.05486822,68.56441,58.279484,-10.284924
197,5,T5_dusk_load_increase,0.0,0.1983659,0.1983659,2.0157418,1.9607615,-0.054980278,68.473434,57.555515,-10.917919
198,5,T5_dusk_load_increase,0.0,0.1983659,0.1983659,2.0166254,1.9607615,-0.055863857,68.39271,56.831547,-11.561161
199,5,T5_dusk_load_increase,0.0,0.1983659,0.1983659,2.016751,1.9607615,-0.055989504,68.31545,56.831547,-11.483906
200,5,T5_dusk_load_increase,0.0,0.16530491,0.16530491,2.0158203,1.9607615,-0.055058718,68.24288,56.10758,-12.1353035
201,5,T5_dusk_load_increase,0.0,0.16530491,0.16530491,2.0154903,1.9607615,-0.054728746,68.1849,56.10758,-12.07732
202,5,T5_dusk_load_increase,0.0,0.16530491,0.16530491,2.015366,1.9607615,-0.05460453,68.13906,55.38361,-12.755451
203,5,T5_dusk_load_increase,0.0,0.16530491,0.16530491,2.0144825,1.9607615,-0.05372095,68.08038,55.38361,-12.696774
204,5,T5_dusk_load_increase,0.0,0.16530491,0.16530491,2.014128,1.9607615,-0.053366423,68.01285,55.38361,-12.629238
205,5,T5_dusk_load_increase,0.0,0.16530491,0.16530491,2.014128,1.9607615,-0.053366423,67.949135,56.10758,-11.841557
206,5,T5_dusk_load_increase,0.0,0.16530491,0.16530491,2.0140948,1.9607615,-0.053333282,67.88906,55.38361,-12.505451
207,5,T5_dusk_load_increase,0.0,0.16530491,0.16530491,2.0140157,1.9607615,-0.053254128,67.82066,55.38361,-12.437054
208,5,T5_dusk_load_increase,0.0,0.16530491,0.16530491,2.0139942,1.9607615,-0.05323267,67.74809,55.38361,-12.364483
209,5,T5_dusk_load_increase,0.0,0.16530491,0.16530491,2.014031,1.9607615,-0.053269386,67.67517,55.38361,-12.291561
210,5,T5_dusk_load_increase,0.0,0.16530491,0.16530491,2.014116,1.9607615,-0.0533545,67.59514,54.65964,-12.935497
211,5,T5_dusk_load_increase,0.0,0.16530491,0.16530491,2.0142345,1.9607615,-0.053472996,67.519966,55.38361,-12.136356
212,5,T5_dusk_load_increase,0.0,0.16530491,0.16530491,2.0143588,1.9607615,-0.05359721,67.447395,55.38361,-12.063786
213,5,T5_dusk_load_increase,0.0,0.16530491,0.16530491,2.014367,1.9607615,-0.053605556,67.37292,56.10758,-11.265339
214,5,T5_dusk_load_increase,0.0,0.16530491,0.16530491,2.0142593,1.9607615,-0.05349779,67.28993,55.38361,-11.9063225
215,5,T5_dusk_load_increase,0.0,0.16530491,0.16530491,2.0140889,1.9607615,-0.053327322,67.203476,55.38361,-11.819866
216,5,T5_dusk_load_increase,0.0,0.16530491,0.16530491,2.0143871,1.9607615,-0.053625584,67.062325,55.38361,-11.678715
217,5,T5_dusk_load_increase,0.0,0.16530491,0.16530491,2.0163636,1.9607615,-0.055602074,66.75694,55.38361,-11.373333
218,5,T5_dusk_load_increase,0.0,0.13224393,0.13224393,1.8964756,1.9607615,0.06428599,67.4099,54.65964,-12.750256
219,5,T5_dusk_load_increase,0.0,0.13224393,0.13224393,1.6313553,1.9607615,0.32940626,68.90451,54.65964,-14.244869
220,5,T5_dusk_load_increase,0.0,0.13224393,0.13224393,1.2390379,1.9607615,0.7217237,70.43056,53.935673,-16.494884
221,5,T5_dusk_load_increase,0.0,0.13224393,0.13224393,0.90325254,1.9607615,1.057509,70.38802,53.211704,-17.17632
222,5,T5_dusk_load_increase,0.0,0.13224393,0.13224393,0.6961929,1.9607615,1.2645686,70.31597,53.211704,-17.104267
223,5,T5_dusk_load_increase,0.0,0.13224393,0.13224393,0.8020265,1.9607615,1.158735,70.22135,52.487736,-17.733616
224,5,T5_dusk_load_increase,0.0,0.13224393,0.13224393,1.0669006,1.9607615,0.89386094,69.33559,53.211704,-16.123882
225,5,T5_dusk_load_increase,0.0,0.13224393,0.13224393,1.458773,1.9607615,0.50198853,67.67864,53.211704,-14.466938
226,5,T5_dusk_load_increase,0.0,0.13224393,0.13224393,1.7930593,1.9607615,0.1677022,66.93924,52.487736,-14.451504
227,5,T5_dusk_load_increase,0.0,0.16530491,0.16530491,1.99409,1.9607615,-0.033328414,66.87891,54.65964,-12.219265
228,5,T5_dusk_load_increase,0.0,0.16530491,0.16530491,2.0108564,1.9607615,-0.050094843,67.486115,56.10758,-11.378536
229,5,T5_dusk_load_increase,0.0,0.16530491,0.16530491,2.0100133,1.9607615,-0.049251795,71.56684,57.555515,-14.011326
230,5,T5_dusk_load_increase,0.0,0.13224393,0.13224393,2.00855,1.9607615,-0.04778838,72.11979,53.935673,-18.184116
231,6,T6_low_home_v2h,0.0,0.0,0.0,0.93831795,0.92322856,-0.015089393,0.0,1.4479375,1.4479375
232,6,T6_low_home_v2h,0.0,0.0,0.0,0.87884593,0.92322856,0.04438263,0.0,1.4479375,1.4479375
233,6,T6_low_home_v2h,0.0,0.0,0.0,0.7334696,0.92322856,0.18975896,0.0,1.4479375,1.4479375
234,6,T6_low_home_v2h,0.0,0.0,0.0,0.54608107,0.92322856,0.3771475,0.0,1.4479375,1.4479375
235,6,T6_low_home_v2h,0.0,0.0,0.0,0.35893708,0.92322856,0.5642915,0.0,1.4479375,1.4479375
236,6,T6_low_home_v2h,0.0,0.0,0.0,0.17170823,0.92322856,0.75152034,0.0,1.4479375,1.4479375
237,6,T6_low_home_v2h,0.0,0.0,0.0,0.042885557,0.92322856,0.880343,0.0,1.4479375,1.4479375
238,6,T6_low_home_v2h,0.0,0.0,0.0,0.0,0.92322856,0.92322856,0.0,1.4479375,1.4479375
239,6,T6_low_home_v2h,0.0,0.0,0.0,0.0,0.92322856,0.92322856,0.0,1.4479375,1.4479375
240,6,T6_low_home_v2h,0.0,0.0,0.0,0.0,0.92322856,0.92322856,0.0,1.4479375,1.4479375
241,6,T6_low_home_v2h,0.0,0.0,0.0,0.0,0.92322856,0.92322856,0.0,1.4479375,1.4479375
242,6,T6_low_home_v2h,0.0,0.0,0.0,0.0,0.94081384,0.94081384,0.0,1.8099219,1.8099219
243,101,T1_aug_night_load_0.9W_soc_60,0.0,0.0,0.0,0.9,0.9056432,0.0056432486,50.2454,51.763763,1.518364
244,101,T1_aug_night_load_0.9W_soc_60,0.0,0.0,0.0,0.9,0.88805795,-0.011942029,50.153374,51.763763,1.6103897
245,101,T1_aug_night_load_0.9W_soc_60,0.0,0.0,0.0,0.9,0.9056432,0.0056432486,50.061348,51.763763,1.7024155
246,101,T1_aug_night_load_0.9W_soc_60,0.0,0.0,0.0,0.9,0.88805795,-0.011942029,49.969326,51.763763,1.7944374
247,101,T1_aug_night_load_0.9W_soc_60,0.0,0.0,0.0,0.9,0.9056432,0.0056432486,49.8773,51.039795,1.1624947
248,101,T1_aug_night_load_0.9W_soc_60,0.0,0.0,0.0,0.9,0.88805795,-0.011942029,49.785275,51.039795,1.2545204
249,101,T1_aug_night_load_0.9W_soc_60,0.0,0.0,0.0,0.9,0.88805795,-0.011942029,49.693253,51.039795,1.3465424
250,101,T1_aug_night_load_0.9W_soc_60,0.0,0.0,0.0,0.9,0.88805795,-0.011942029,49.601227,51.039795,1.4385681
251,101,T1_aug_night_load_0.9W_soc_60,0.0,0.0,0.0,0.9,0.9056432,0.0056432486,49.5092,51.039795,1.5305939
252,101,T1_aug_night_load_0.9W_soc_60,0.0,0.0,0.0,0.9,0.9056432,0.0056432486,49.41718,51.039795,1.6226158
253,101,T1_aug_night_load_0.9W_soc_60,0.0,0.0,0.0,0.9,0.9056432,0.0056432486,49.325153,51.039795,1.7146416
254,101,T1_aug_night_load_0.9W_soc_60,0.0,0.0,0.0,0.9,0.9056432,0.0056432486,49.233128,51.039795,1.8066673
255,101,T1_aug_night_load_0.9W_soc_60,0.0,0.0,0.0,0.9,0.9056432,0.0056432486,49.141106,51.039795,1.8986893
256,101,T1_aug_night_load_0.9W_soc_60,0.0,0.0,0.0,0.9,0.88805795,-0.011942029,49.095093,50.315826,1.2207336
257,101,T1_aug_night_load_0.9W_soc_60,0.0,0.0,0.0,0.9,0.9056432,0.0056432486,49.04908,51.039795,1.990715
258,101,T1_aug_night_load_0.9W_soc_60,0.0,0.0,0.0,0.9,0.9056432,0.0056432486,49.003067,50.315826,1.3127594
259,101,T1_aug_night_load_0.9W_soc_60,0.0,0.0,0.0,0.9,0.9056432,0.0056432486,48.957054,50.315826,1.3587723
260,102,T1_aug_night_load_0.9W_soc_70,0.0,0.0,0.0,0.9,0.88805795,-0.011942029,60.2454,60.45139,0.20598984
261,102,T1_aug_night_load_0.9W_soc_70,0.0,0.0,0.0,0.9,0.88805795,-0.011942029,60.153374,60.45139,0.2980156
262,102,T1_aug_night_load_0.9W_soc_70,0.0,0.0,0.0,0.9,0.88805795,-0.011942029,60.061348,59.72742,-0.33392715
263,102,T1_aug_night_load_0.9W_soc_70,0.0,0.0,0.0,0.9,0.88805795,-0.011942029,59.969326,59.72742,-0.24190521
264,102,T1_aug_night_load_0.9W_soc_70,0.0,0.0,0.0,0.9,0.88805795,-0.011942029,59.8773,59.72742,-0.14987946
265,102,T1_aug_night_load_0.9W_soc_70,0.0,0.0,0.0,0.9,0.88805795,-0.011942029,59.785275,59.003452,-0.7818222
266,102,T1_aug_night_load_0.9W_soc_70,0.0,0.0,0.0,0.9,0.88805795,-0.011942029,59.693253,59.003452,-0.68980026
267,102,T1_aug_night_load_0.9W_soc_70,0.0,0.0,0.0,0.9,0.88805795,-0.011942029,59.601227,59.72742,0.126194
268,102,T1_aug_night_load_0.9W_soc_70,0.0,0.0,0.0,0.9,0.88805795,-0.011942029,59.5092,59.003452,-0.50574875
269,102,T1_aug_night_load_0.9W_soc_70,0.0,0.0,0.0,0.9,0.88805795,-0.011942029,59.41718,59.003452,-0.4137268
270,102,T1_aug_night_load_0.9W_soc_70,0.0,0.0,0.0,0.9,0.88805795,-0.011942029,59.325153,59.003452,-0.32170105
271,102,T1_aug_night_load_0.9W_soc_70,0.0,0.0,0.0,0.9,0.88805795,-0.011942029,59.233128,58.279484,-0.9536438
272,102,T1_aug_night_load_0.9W_soc_70,0.0,0.0,0.0,0.9,0.88805795,-0.011942029,59.141106,59.003452,-0.13765335
273,102,T1_aug_night_load_0.9W_soc_70,0.0,0.0,0.0,0.9,0.88805795,-0.011942029,59.095093,58.279484,-0.815609
274,102,T1_aug_night_load_0.9W_soc_70,0.0,0.0,0.0,0.9,0.88805795,-0.011942029,59.04908,58.279484,-0.7695961
275,102,T1_aug_night_load_0.9W_soc_70,0.0,0.0,0.0,0.9,0.88805795,-0.011942029,59.003067,58.279484,-0.7235832
276,102,T1_aug_night_load_0.9W_soc_70,0.0,0.0,0.0,0.9,0.88805795,-0.011942029,58.957054,58.279484,-0.67757034
277,103,T1_aug_night_load_0.9W_soc_80,0.0,0.0,0.0,0.9,0.9056432,0.0056432486,70.2454,69.501,-0.7444
278,103,T1_aug_night_load_0.9W_soc_80,0.0,0.0,0.0,0.9,0.9056432,0.0056432486,70.15337,69.501,-0.65237427
279,103,T1_aug_night_load_0.9W_soc_80,0.0,0.0,0.0,0.9,0.9056432,0.0056432486,70.06135,69.501,-0.5603485
280,103,T1_aug_night_load_0.9W_soc_80,0.0,0.0,0.0,0.9,0.9056432,0.0056432486,69.96932,69.501,-0.46832275
281,103,T1_aug_night_load_0.9W_soc_80,0.0,0.0,0.0,0.9,0.9056432,0.0056432486,69.877304,69.501,-0.37630463
282,103,T1_aug_night_load_0.9W_soc_80,0.0,0.0,0.0,0.9,0.9056432,0.0056432486,69.78528,69.501,-0.28427887
283,103,T1_aug_night_load_0.9W_soc_80,0.0,0.0,0.0,0.9,0.9056432,0.0056432486,69.69325,70.22497,0.5317154
284,103,T1_aug_night_load_0.9W_soc_80,0.0,0.0,0.0,0.9,0.9056432,0.0056432486,69.60123,69.501,-0.100227356
285,103,T1_aug_night_load_0.9W_soc_80,0.0,0.0,0.0,0.9,0.9056432,0.0056432486,69.5092,70.22497,0.7157669
286,103,T1_aug_night_load_0.9W_soc_80,0.0,0.0,0.0,0.9,0.9056432,0.0056432486,69.417175,69.501,0.08382416
287,103,T1_aug_night_load_0.9W_soc_80,0.0,0.0,0.0,0.9,0.9056432,0.0056432486,69.32516,69.501,0.17584229
288,103,T1_aug_night_load_0.9W_soc_80,0.0,0.0,0.0,0.9,0.88805795,-0.011942029,69.23313,68.77703,-0.45610046
289,103,T1_aug_night_load_0.9W_soc_80,0.0,0.0,0.0,0.9,0.88805795,-0.011942029,69.141106,68.41505,-0.72605896
290,103,T1_aug_night_load_0.9W_soc_80,0.0,0.0,0.0,0.9,0.9056432,0.0056432486,69.09509,68.77703,-0.31806183
291,103,T1_aug_night_load_0.9W_soc_80,0.0,0.0,0.0,0.9,0.9056432,0.0056432486,69.04908,68.77703,-0.27204895
292,103,T1_aug_night_load_0.9W_soc_80,0.0,0.0,0.0,0.9,0.88805795,-0.011942029,69.00307,68.77703,-0.22603607
293,103,T1_aug_night_load_0.9W_soc_80,0.0,0.0,0.0,0.9,0.9056432,0.0056432486,68.957054,68.77703,-0.1800232
294,104,T1_aug_night_load_0.9W_soc_90,0.0,0.0,0.0,0.9,0.88805795,-0.011942029,80.2454,80.36053,0.11512756
295,104,T1_aug_night_load_0.9W_soc_90,0.0,0.0,0.0,0.9,0.88805795,-0.011942029,80.15337,80.36053,0.20715332
296,104,T1_aug_night_load_0.9W_soc_90,0.0,0.0,0.0,0.9,0.88805795,-0.011942029,80.06135,80.36053,0.29917908
297,104,T1_aug_night_load_0.9W_soc_90,0.0,0.0,0.0,0.9,0.88805795,-0.011942029,79.96932,79.99854,0.029220581
298,104,T1_aug_night_load_0.9W_soc_90,0.0,0.0,0.0,0.9,0.88805795,-0.011942029,79.877304,80.36053,0.48322296
299,104,T1_aug_night_load_0.9W_soc_90,0.0,0.0,0.0,0.9,0.88805795,-0.011942029,79.78528,80.36053,0.5752487
300,104,T1_aug_night_load_0.9W_soc_90,0.0,0.0,0.0,0.9,0.88805795,-0.011942029,79.69325,79.63656,-0.05669403
301,104,T1_aug_night_load_0.9W_soc_90,0.0,0.0,0.0,0.9,0.88805795,-0.011942029,79.60123,79.274574,-0.32665253
302,104,T1_aug_night_load_0.9W_soc_90,0.0,0.0,0.0,0.9,0.88805795,-0.011942029,79.5092,79.274574,-0.23462677
303,104,T1_aug_night_load_0.9W_soc_90,0.0,0.0,0.0,0.9,0.9056432,0.0056432486,79.417175,79.274574,-0.14260101
304,104,T1_aug_night_load_0.9W_soc_90,0.0,0.0,0.0,0.9,0.9056432,0.0056432486,79.32516,78.91259,-0.41256714
305,104,T1_aug_night_load_0.9W_soc_90,0.0,0.0,0.0,0.9,0.9056432,0.0056432486,79.23313,78.91259,-0.32054138
306,104,T1_aug_night_load_0.9W_soc_90,0.0,0.0,0.0,0.9,0.9056432,0.0056432486,79.141106,78.18862,-0.95248413
307,104,T1_aug_night_load_0.9W_soc_90,0.0,0.0,0.0,0.9,0.9056432,0.0056432486,79.09509,78.91259,-0.18250275
308,104,T1_aug_night_load_0.9W_soc_90,0.0,0.0,0.0,0.9,0.9056432,0.0056432486,79.04908,78.18862,-0.8604584
309,104,T1_aug_night_load_0.9W_soc_90,0.0,0.0,0.0,0.9,0.9056432,0.0056432486,79.00307,79.274574,0.27150726
310,104,T1_aug_night_load_0.9W_soc_90,0.0,0.0,0.0,0.9,0.9056432,0.0056432486,78.957054,78.91259,-0.04446411
311,105,T1_aug_night_load_1.3W_soc_60,0.0,0.0,0.0,1.3,1.3452759,0.045275927,45.91002,49.591858,3.681839
312,105,T1_aug_night_load_1.3W_soc_60,0.0,0.0,0.0,1.3,1.3452759,0.045275927,45.777096,49.591858,3.814762
313,105,T1_aug_night_load_1.3W_soc_60,0.0,0.0,0.0,1.3,1.3452759,0.045275927,45.644173,49.591858,3.9476852
314,105,T1_aug_night_load_1.3W_soc_60,0.0,0.0,0.0,1.3,1.3452759,0.045275927,45.511246,49.591858,4.080612
315,105,T1_aug_night_load_1.3W_soc_60,0.0,0.0,0.0,1.3,1.3452759,0.045275927,45.378323,49.591858,4.2135353
316,105,T1_aug_night_load_1.3W_soc_60,0.0,0.0,0.0,1.3,1.3452759,0.045275927,45.2454,49.591858,4.3464584
317,105,T1_aug_night_load_1.3W_soc_60,0.0,0.0,0.0,1.3,1.3452759,0.045275927,45.112473,49.591858,4.4793854
318,105,T1_aug_night_load_1.3W_soc_60,0.0,0.0,0.0,1.3,1.3628612,0.062861204,44.97955,48.505905,3.5263557
319,105,T1_aug_night_load_1.3W_soc_60,0.0,0.0,0.0,1.3,1.3452759,0.045275927,44.846626,49.591858,4.7452316
320,105,T1_aug_night_load_1.3W_soc_60,0.0,0.0,0.0,1.3,1.3452759,0.045275927,44.713703,48.505905,3.792202
321,105,T1_aug_night_load_1.3W_soc_60,0.0,0.0,0.0,1.3,1.3452759,0.045275927,44.580776,48.505905,3.925129
322,105,T1_aug_night_load_1.3W_soc_60,0.0,0.0,0.0,1.3,1.3452759,0.045275927,44.447853,48.505905,4.058052
323,105,T1_aug_night_load_1.3W_soc_60,0.0,0.0,0.0,1.3,1.3276906,0.027690649,44.31493,47.781937,3.4670067
324,105,T1_aug_night_load_1.3W_soc_60,0.0,0.0,0.0,1.3,1.3452759,0.045275927,44.248466,47.781937,3.5334702
325,105,T1_aug_night_load_1.3W_soc_60,0.0,0.0,0.0,1.3,1.3276906,0.027690649,44.182003,47.781937,3.5999336
326,105,T1_aug_night_load_1.3W_soc_60,0.0,0.0,0.0,1.3,1.3628612,0.062861204,44.115543,47.05797,2.9424248
327,105,T1_aug_night_load_1.3W_soc_60,0.0,0.0,0.0,1.3,1.3276906,0.027690649,44.04908,47.781937,3.7328568
328,106,T1_aug_night_load_1.3W_soc_70,0.0,0.0,0.0,1.3,1.3452759,0.045275927,55.91002,59.003452,3.0934334
329,106,T1_aug_night_load_1.3W_soc_70,0.0,0.0,0.0,1.3,1.3628612,0.062861204,55.777096,56.831547,1.054451
330,106,T1_aug_night_load_1.3W_soc_70,0.0,0.0,0.0,1.3,1.3628612,0.062861204,55.644173,56.831547,1.1873741
331,106,T1_aug_night_load_1.3W_soc_70,0.0,0.0,0.0,1.3,1.3628612,0.062861204,55.511246,56.831547,1.320301
332,106,T1_aug_night_load_1.3W_soc_70,0.0,0.0,0.0,1.3,1.3628612,0.062861204,55.378323,57.555515,2.1771927
333,106,T1_aug_night_load_1.3W_soc_70,0.0,0.0,0.0,1.3,1.3628612,0.062861204,55.2454,56.10758,0.8621788
334,106,T1_aug_night_load_1.3W_soc_70,0.0,0.0,0.0,1.3,1.3628612,0.062861204,55.112473,56.10758,0.99510574
335,106,T1_aug_night_load_1.3W_soc_70,0.0,0.0,0.0,1.3,1.3628612,0.062861204,54.97955,56.10758,1.1280289
336,106,T1_aug_night_load_1.3W_soc_70,0.0,0.0,0.0,1.3,1.3628612,0.062861204,54.846626,56.831547,1.9849205
337,106,T1_aug_night_load_1.3W_soc_70,0.0,0.0,0.0,1.3,1.3628612,0.062861204,54.713703,55.38361,0.6699066
338,106,T1_aug_night_load_1.3W_soc_70,0.0,0.0,0.0,1.3,1.3628612,0.062861204,54.580776,56.10758,1.5268021
339,106,T1_aug_night_load_1.3W_soc_70,0.0,0.0,0.0,1.3,1.3452759,0.045275927,54.447853,55.38361,0.9357567
340,106,T1_aug_night_load_1.3W_soc_70,0.0,0.0,0.0,1.3,1.3452759,0.045275927,54.31493,55.38361,1.0686798
341,106,T1_aug_night_load_1.3W_soc_70,0.0,0.0,0.0,1.3,1.3452759,0.045275927,54.248466,55.38361,1.1351433
342,106,T1_aug_night_load_1.3W_soc_70,0.0,0.0,0.0,1.3,1.3628612,0.062861204,54.182003,55.38361,1.2016068
343,106,T1_aug_night_load_1.3W_soc_70,0.0,0.0,0.0,1.3,1.3628612,0.062861204,54.115543,55.38361,1.2680664
344,106,T1_aug_night_load_1.3W_soc_70,0.0,0.0,0.0,1.3,1.3452759,0.045275927,54.04908,55.38361,1.3345299
345,107,T1_aug_night_load_1.3W_soc_80,0.0,0.0,0.0,1.3,1.3452759,0.045275927,65.91002,67.69108,1.7810593
346,107,T1_aug_night_load_1.3W_soc_80,0.0,0.0,0.0,1.3,1.3452759,0.045275927,65.7771,66.96711,1.1900101
347,107,T1_aug_night_load_1.3W_soc_80,0.0,0.0,0.0,1.3,1.3452759,0.045275927,65.64417,66.96711,1.322937
348,107,T1_aug_night_load_1.3W_soc_80,0.0,0.0,0.0,1.3,1.3452759,0.045275927,65.511246,66.605125,1.0938797
349,107,T1_aug_night_load_1.3W_soc_80,0.0,0.0,0.0,1.3,1.3452759,0.045275927,65.37833,66.96711,1.5887833
350,107,T1_aug_night_load_1.3W_soc_80,0.0,0.0,0.0,1.3,1.3276906,0.027690649,65.2454,66.605125,1.359726
351,107,T1_aug_night_load_1.3W_soc_80,0.0,0.0,0.0,1.3,1.3452759,0.045275927,65.11247,65.88116,0.7686844
352,107,T1_aug_night_load_1.3W_soc_80,0.0,0.0,0.0,1.3,1.3628612,0.062861204,64.97955,65.88116,0.9016037
353,107,T1_aug_night_load_1.3W_soc_80,0.0,0.0,0.0,1.3,1.3804464,0.08044648,64.84663,65.88116,1.0345306
354,107,T1_aug_night_load_1.3W_soc_80,0.0,0.0,0.0,1.3,1.3804464,0.08044648,64.7137,65.15719,0.44348907
355,107,T1_aug_night_load_1.3W_soc_80,0.0,0.0,0.0,1.3,1.3628612,0.062861204,64.58078,65.88116,1.3003769
356,107,T1_aug_night_load_1.3W_soc_80,0.0,0.0,0.0,1.3,1.3628612,0.062861204,64.44785,65.15719,0.7093353
357,107,T1_aug_night_load_1.3W_soc_80,0.0,0.0,0.0,1.3,1.3628612,0.062861204,64.314926,65.15719,0.84226227
358,107,T1_aug_night_load_1.3W_soc_80,0.0,0.0,0.0,1.3,1.3628612,0.062861204,64.24847,64.43322,0.18475342
359,107,T1_aug_night_load_1.3W_soc_80,0.0,0.0,0.0,1.3,1.3628612,0.062861204,64.18201,65.15719,0.9751816
360,107,T1_aug_night_load_1.3W_soc_80,0.0,0.0,0.0,1.3,1.3628612,0.062861204,64.11554,65.15719,1.0416489
361,107,T1_aug_night_load_1.3W_soc_80,0.0,0.0,0.0,1.3,1.3628612,0.062861204,64.04908,64.43322,0.38414
362,108,T1_aug_night_load_1.3W_soc_90,0.0,0.033060983,0.033060983,1.3,1.3804464,0.08044648,75.91002,75.29275,-0.6172714
363,108,T1_aug_night_load_1.3W_soc_90,0.0,0.033060983,0.033060983,1.3,1.3628612,0.062861204,75.7771,75.29275,-0.4843521
364,108,T1_aug_night_load_1.3W_soc_90,0.0,0.033060983,0.033060983,1.3,1.3452759,0.045275927,75.64417,75.29275,-0.35142517
365,108,T1_aug_night_load_1.3W_soc_90,0.0,0.033060983,0.033060983,1.3,1.3628612,0.062861204,75.511246,74.206795,-1.304451
366,108,T1_aug_night_load_1.3W_soc_90,0.0,0.033060983,0.033060983,1.3,1.3628612,0.062861204,75.37833,73.84481,-1.5335159
367,108,T1_aug_night_load_1.3W_soc_90,0.0,0.0,0.0,1.3,1.3276906,0.027690649,75.2454,74.93076,-0.31463623
368,108,T1_aug_night_load_1.3W_soc_90,0.0,0.033060983,0.033060983,1.3,1.3628612,0.062861204,75.11247,74.206795,-0.9056778
369,108,T1_aug_night_load_1.3W_soc_90,0.0,0.0,0.0,1.3,1.3276906,0.027690649,74.97955,74.206795,-0.7727585
370,108,T1_aug_night_load_1.3W_soc_90,0.0,0.0,0.0,1.3,1.3276906,0.027690649,74.84663,74.93076,0.08413696
371,108,T1_aug_night_load_1.3W_soc_90,0.0,0.033060983,0.033060983,1.3,1.3452759,0.045275927,74.7137,74.206795,-0.5069046
372,108,T1_aug_night_load_1.3W_soc_90,0.0,0.033060983,0.033060983,1.3,1.3452759,0.045275927,74.58078,73.84481,-0.73596954
373,108,T1_aug_night_load_1.3W_soc_90,0.0,0.033060983,0.033060983,1.3,1.3452759,0.045275927,74.44785,73.84481,-0.6030426
374,108,T1_aug_night_load_1.3W_soc_90,0.0,0.033060983,0.033060983,1.3,1.3452759,0.045275927,74.314926,73.84481,-0.47011566
375,108,T1_aug_night_load_1.3W_soc_90,0.0,0.033060983,0.033060983,1.3,1.3628612,0.062861204,74.24847,73.84481,-0.403656
376,108,T1_aug_night_load_1.3W_soc_90,0.0,0.033060983,0.033060983,1.3,1.3628612,0.062861204,74.18201,73.84481,-0.33719635
377,108,T1_aug_night_load_1.3W_soc_90,0.0,0.033060983,0.033060983,1.3,1.3804464,0.08044648,74.11554,73.48283,-0.6327133
378,108,T1_aug_night_load_1.3W_soc_90,0.0,0.033060983,0.033060983,1.3,1.3804464,0.08044648,74.04908,73.84481,-0.20426941
379,109,T1_aug_night_load_1.7W_soc_60,0.0,0.033060983,0.033060983,1.7,1.6881893,-0.01181078,41.574642,47.05797,5.483326
380,109,T1_aug_night_load_1.7W_soc_60,0.0,0.033060983,0.033060983,1.7,1.7057747,0.005774617,41.400818,47.05797,5.6571503
381,109,T1_aug_night_load_1.7W_soc_60,0.0,0.033060983,0.033060983,1.7,1.6881893,-0.01181078,41.226994,47.05797,5.8309746
382,109,T1_aug_night_load_1.7W_soc_60,0.0,0.033060983,0.033060983,1.7,1.6881893,-0.01181078,41.05317,47.05797,6.004799
383,109,T1_aug_night_load_1.7W_soc_60,0.0,0.033060983,0.033060983,1.7,1.6881893,-0.01181078,40.879345,47.05797,6.178623
384,109,T1_aug_night_load_1.7W_soc_60,0.0,0.033060983,0.033060983,1.7,1.6881893,-0.01181078,40.70552,47.05797,6.3524475
385,109,T1_aug_night_load_1.7W_soc_60,0.0,0.033060983,0.033060983,1.7,1.6881893,-0.01181078,40.531696,47.05797,6.526272
386,109,T1_aug_night_load_1.7W_soc_60,0.0,0.033060983,0.033060983,1.7,1.6881893,-0.01181078,40.357872,47.05797,6.700096
387,109,T1_aug_night_load_1.7W_soc_60,0.0,0.033060983,0.033060983,1.7,1.7057747,0.005774617,40.184048,47.05797,6.8739204
388,109,T1_aug_night_load_1.7W_soc_60,0.0,0.033060983,0.033060983,1.7,1.6881893,-0.01181078,40.010223,47.05797,7.0477448
389,109,T1_aug_night_load_1.7W_soc_60,0.0,0.033060983,0.033060983,1.7,1.6881893,-0.01181078,39.8364,47.05797,7.221569
390,109,T1_aug_night_load_1.7W_soc_60,0.0,0.033060983,0.033060983,1.7,1.7057747,0.005774617,39.66258,46.334,6.671421
391,109,T1_aug_night_load_1.7W_soc_60,0.0,0.033060983,0.033060983,1.7,1.6881893,-0.01181078,39.488754,46.334,6.8452454
392,109,T1_aug_night_load_1.7W_soc_60,0.0,0.033060983,0.033060983,1.7,1.6881893,-0.01181078,39.40184,46.334,6.9321594
393,109,T1_aug_night_load_1.7W_soc_60,0.0,0.033060983,0.033060983,1.7,1.6881893,-0.01181078,39.31493,46.334,7.0190697
394,109,T1_aug_night_load_1.7W_soc_60,0.0,0.033060983,0.033060983,1.7,1.6881893,-0.01181078,39.228016,46.334,7.1059837
395,109,T1_aug_night_load_1.7W_soc_60,0.0,0.033060983,0.033060983,1.7,1.6881893,-0.01181078,39.141106,46.334,7.192894
396,110,T1_aug_night_load_1.7W_soc_70,0.0,0.033060983,0.033060983,1.7,1.670604,-0.029396057,51.574642,54.65964,3.084999
397,110,T1_aug_night_load_1.7W_soc_70,0.0,0.033060983,0.033060983,1.7,1.6881893,-0.01181078,51.400818,53.935673,2.534855
398,110,T1_aug_night_load_1.7W_soc_70,0.0,0.033060983,0.033060983,1.7,1.6881893,-0.01181078,51.226994,53.935673,2.7086792
399,110,T1_aug_night_load_1.7W_soc_70,0.0,0.033060983,0.033060983,1.7,1.6881893,-0.01181078,51.05317,53.935673,2.8825035
400,110,T1_aug_night_load_1.7W_soc_70,0.0,0.033060983,0.033060983,1.7,1.6881893,-0.01181078,50.879345,53.935673,3.0563278
401,110,T1_aug_night_load_1.7W_soc_70,0.0,0.033060983,0.033060983,1.7,1.670604,-0.029396057,50.70552,53.211704,2.5061836
402,110,T1_aug_night_load_1.7W_soc_70,0.0,0.033060983,0.033060983,1.7,1.6881893,-0.01181078,50.531696,53.935673,3.4039764
403,110,T1_aug_night_load_1.7W_soc_70,0.0,0.033060983,0.033060983,1.7,1.670604,-0.029396057,50.357872,53.211704,2.8538322
404,110,T1_aug_night_load_1.7W_soc_70,0.0,0.033060983,0.033060983,1.7,1.6881893,-0.01181078,50.184048,53.935673,3.751625
405,110,T1_aug_night_load_1.7W_soc_70,0.0,0.033060983,0.033060983,1.7,1.6881893,-0.01181078,50.010223,53.935673,3.9254494
406,110,T1_aug_night_load_1.7W_soc_70,0.0,0.033060983,0.033060983,1.7,1.6881893,-0.01181078,49.8364,53.935673,4.0992737
407,110,T1_aug_night_load_1.7W_soc_70,0.0,0.033060983,0.033060983,1.7,1.6881893,-0.01181078,49.66258,53.211704,3.5491257
408,110,T1_aug_night_load_1.7W_soc_70,0.0,0.033060983,0.033060983,1.7,1.6881893,-0.01181078,49.488754,53.211704,3.72295
409,110,T1_aug_night_load_1.7W_soc_70,0.0,0.033060983,0.033060983,1.7,1.6881893,-0.01181078,49.40184,53.211704,3.809864
410,110,T1_aug_night_load_1.7W_soc_70,0.0,0.033060983,0.033060983,1.7,1.6881893,-0.01181078,49.31493,53.211704,3.8967743
411,110,T1_aug_night_load_1.7W_soc_70,0.0,0.033060983,0.033060983,1.7,1.6881893,-0.01181078,49.228016,52.487736,3.2597198
412,110,T1_aug_night_load_1.7W_soc_70,0.0,0.033060983,0.033060983,1.7,1.6881893,-0.01181078,49.141106,53.211704,4.0705986
413,111,T1_aug_night_load_1.7W_soc_80,0.0,0.033060983,0.033060983,1.7,1.670604,-0.029396057,61.574642,61.899326,0.32468414
414,111,T1_aug_night_load_1.7W_soc_80,0.0,0.033060983,0.033060983,1.7,1.670604,-0.029396057,61.400818,61.899326,0.49850845
415,111,T1_aug_night_load_1.7W_soc_80,0.0,0.033060983,0.033060983,1.7,1.670604,-0.029396057,61.226994,62.623295,1.3963013
416,111,T1_aug_night_load_1.7W_soc_80,0.0,0.033060983,0.033060983,1.7,1.670604,-0.029396057,61.05317,62.623295,1.5701256
417,111,T1_aug_night_load_1.7W_soc_80,0.0,0.033060983,0.033060983,1.7,1.670604,-0.029396057,60.879345,61.899326,1.0199814
418,111,T1_aug_night_load_1.7W_soc_80,0.0,0.033060983,0.033060983,1.7,1.670604,-0.029396057,60.70552,61.175358,0.4698372
419,111,T1_aug_night_load_1.7W_soc_80,0.0,0.033060983,0.033060983,1.7,1.670604,-0.029396057,60.531696,61.175358,0.6436615
420,111,T1_aug_night_load_1.7W_soc_80,0.0,0.033060983,0.033060983,1.7,1.670604,-0.029396057,60.357872,60.45139,0.0935173
421,111,T1_aug_night_load_1.7W_soc_80,0.0,0.033060983,0.033060983,1.7,1.6618114,-0.038188696,60.184048,59.72742,-0.4566269
422,111,T1_aug_night_load_1.7W_soc_80,0.0,0.033060983,0.033060983,1.7,1.670604,-0.029396057,60.010223,60.45139,0.44116592
423,111,T1_aug_night_load_1.7W_soc_80,0.0,0.033060983,0.033060983,1.7,1.6618114,-0.038188696,59.8364,59.72742,-0.10897827
424,111,T1_aug_night_load_1.7W_soc_80,0.0,0.033060983,0.033060983,1.7,1.670604,-0.029396057,59.66258,59.72742,0.064842224
425,111,T1_aug_night_load_1.7W_soc_80,0.0,0.033060983,0.033060983,1.7,1.6618114,-0.038188696,59.488754,59.72742,0.23866653
426,111,T1_aug_night_load_1.7W_soc_80,0.0,0.033060983,0.033060983,1.7,1.670604,-0.029396057,59.40184,59.72742,0.3255806
427,111,T1_aug_night_load_1.7W_soc_80,0.0,0.033060983,0.033060983,1.7,1.670604,-0.029396057,59.31493,59.72742,0.41249084
428,111,T1_aug_night_load_1.7W_soc_80,0.0,0.033060983,0.033060983,1.7,1.670604,-0.029396057,59.228016,59.72742,0.4994049
429,111,T1_aug_night_load_1.7W_soc_80,0.0,0.033060983,0.033060983,1.7,1.670604,-0.029396057,59.141106,59.72742,0.58631516
430,112,T1_aug_night_load_1.7W_soc_90,0.0,0.033060983,0.033060983,1.7,1.6618114,-0.038188696,71.57464,70.58695,-0.98768616
431,112,T1_aug_night_load_1.7W_soc_90,0.0,0.033060983,0.033060983,1.7,1.6618114,-0.038188696,71.40082,70.22497,-1.1758499
432,112,T1_aug_night_load_1.7W_soc_90,0.0,0.033060983,0.033060983,1.7,1.6618114,-0.038188696,71.227,70.22497,-1.0020294
433,112,T1_aug_night_load_1.7W_soc_90,0.0,0.033060983,0.033060983,1.7,1.6618114,-0.038188696,71.05317,70.58695,-0.46621704
434,112,T1_aug_night_load_1.7W_soc_90,0.0,0.033060983,0.033060983,1.7,1.6618114,-0.038188696,70.87935,70.22497,-0.6543808
435,112,T1_aug_night_load_1.7W_soc_90,0.0,0.033060983,0.033060983,1.7,1.6618114,-0.038188696,70.70552,70.22497,-0.48055267
436,112,T1_aug_night_load_1.7W_soc_90,0.0,0.033060983,0.033060983,1.7,1.6442261,-0.055773973,70.5317,70.58695,0.055252075
437,112,T1_aug_night_load_1.7W_soc_90,0.0,0.033060983,0.033060983,1.7,1.6618114,-0.038188696,70.35787,70.22497,-0.13290405
438,112,T1_aug_night_load_1.7W_soc_90,0.0,0.033060983,0.033060983,1.7,1.6618114,-0.038188696,70.18405,70.22497,0.040916443
439,112,T1_aug_night_load_1.7W_soc_90,0.0,0.033060983,0.033060983,1.7,1.6442261,-0.055773973,70.01022,70.58695,0.5767288
440,112,T1_aug_night_load_1.7W_soc_90,0.0,0.033060983,0.033060983,1.7,1.6618114,-0.038188696,69.8364,70.22497,0.38856506
441,112,T1_aug_night_load_1.7W_soc_90,0.0,0.033060983,0.033060983,1.7,1.6618114,-0.038188696,69.662575,70.22497,0.5623932
442,112,T1_aug_night_load_1.7W_soc_90,0.0,0.033060983,0.033060983,1.7,1.6442261,-0.055773973,69.488754,70.22497,0.7362137
443,112,T1_aug_night_load_1.7W_soc_90,0.0,0.033060983,0.033060983,1.7,1.6618114,-0.038188696,69.40184,68.41505,-0.9867935
444,112,T1_aug_night_load_1.7W_soc_90,0.0,0.033060983,0.033060983,1.7,1.6618114,-0.038188696,69.314926,68.41505,-0.89987946
445,112,T1_aug_night_load_1.7W_soc_90,0.0,0.033060983,0.033060983,1.7,1.6618114,-0.038188696,69.22802,68.77703,-0.45098877
446,112,T1_aug_night_load_1.7W_soc_90,0.0,0.033060983,0.033060983,1.7,1.6618114,-0.038188696,69.141106,70.58695,1.4458466
